Provincia,Partido ,Localidad,ADSL,CABLEMODEM,DIALUP,FIBRAOPTICA,4G,3G,TELEFONIAFIJA,WIRELESS,SATELITAL,conectividad
BUENOS AIRES,Balcarce,Balcarce,0,1,1,1,0,1,1,1,0,SI
BUENOS AIRES,,San Agustín,0,0,0,0,0,0,0,0,0,NO
BUENOS AIRES,Baradero,Baradero,0,0,0,1,0,1,1,1,1,SI
BUENOS AIRES,,Villa Alsina (Est. Alsina),1,0,0,0,1,1,0,1,0,SI
BUENOS AIRES,General Las Heras,La Choza,0,0,0,0,0,0,0,0,0,NO
BUENOS AIRES,,Plomer,0,0,0,0,0,0,0,0,0,NO
BUENOS AIRES,,General Lavalle,0,1,0,1,1,1,0,0,1,SI
BUENOS AIRES,General Paz,Ranchos,0,0,1,1,0,1,1,1,0,SI
BUENOS AIRES,,Villanueva (Ap. Río Salado),0,0,0,0,0,0,0,1,0,SI
MISIONES,San Ignacio,General Urquiza,0,0,0,0,0,0,0,0,0,NO
BUENOS AIRES,,Los Naranjos,0,0,0,1,0,0,0,0,0,SI
BUENOS AIRES,Maipú,Las Armas,0,0,0,0,0,1,1,1,0,SI
BUENOS AIRES,,Area De Promocion El Triángulo,1,0,0,0,1,1,0,0,0,SI
BUENOS AIRES,Malvinas Argentinas,Ingeniero Adolfo Sourdeaux,0,1,0,1,0,1,1,1,0,SI
BUENOS AIRES,,Virreyes,1,1,0,1,1,1,0,0,0,SI
CABA,COMUNA 04,NUEVA POMPEYA,0,1,1,1,0,1,1,1,0,SI
BUENOS AIRES,,María Ignacia (Est. Vela),1,0,0,0,1,0,0,1,0,SI
BUENOS AIRES,,Tandil,1,1,0,1,1,1,0,1,1,SI
BUENOS AIRES,Tapalqué,Velloso,0,0,0,0,0,0,0,0,0,NO
CABA,,FLORESTA,1,1,0,1,1,1,0,0,1,SI
CHUBUT,Gaiman,28 de Julio,0,0,0,1,0,1,0,0,1,SI
BUENOS AIRES,San Isidro,Villa Adelina,0,1,0,1,0,1,1,0,0,SI
BUENOS AIRES,,Campo De Mayo,0,0,0,0,1,1,0,0,0,SI
BUENOS AIRES,San Miguel,Muñiz,0,1,1,1,0,1,1,0,0,SI
BUENOS AIRES,Berisso,Berisso,0,1,1,1,0,1,1,1,0,SI
BUENOS AIRES,Berisso,Villa Dolores,0,0,0,0,0,1,0,0,0,SI
BUENOS AIRES,Berisso,Villa Nueva,0,0,0,1,0,1,0,1,0,SI
BUENOS AIRES,,Villa Zula,0,0,0,0,0,0,0,0,0,NO
BUENOS AIRES,Bolívar,Mariano Unzué,0,0,0,0,0,0,0,0,0,NO
BUENOS AIRES,,Pirovano,0,0,0,0,0,1,0,0,0,SI
BUENOS AIRES,Bolívar,Urdampilleta,0,0,1,0,0,1,1,1,0,SI
CORDOBA,,Alpa Corral,0,0,0,0,1,1,0,0,0,SI
CORDOBA,Río Cuarto,Berrotarán,0,0,0,1,0,1,1,0,0,SI
CORDOBA,,Chaján,0,0,0,1,1,1,0,0,1,SI
CHACO,San Lorenzo,Villa Berthet,0,0,0,1,0,1,0,1,1,SI
CHACO,,Ingeniero Barbet,0,0,0,0,0,0,0,0,0,NO
CHACO,Sargento Cabral,Las Garcitas,0,0,0,0,0,1,1,1,1,SI
CHACO,,Cote Lai,0,0,0,0,1,0,0,0,0,SI
CHACO,Tapenagá,Horquilla,0,0,0,0,0,0,0,0,0,NO
CHUBUT,,Puerto Pirámide,0,0,0,0,1,1,0,1,0,SI
CORDOBA,Cruz del Eje,El Brete,0,0,0,1,0,0,0,0,0,SI
CORDOBA,,Guanaco Muerto,0,0,0,0,0,0,0,1,0,SI
CORDOBA,,La Banda,0,0,0,0,0,0,0,0,1,SI
CORDOBA,Cruz del Eje,Las Cañadas,0,0,0,0,0,0,0,0,0,NO
CORDOBA,,Paso Viejo,1,0,0,0,1,1,0,1,0,SI
CORDOBA,Cruz del Eje,Serrezuela,0,0,0,1,0,0,1,1,0,SI
BUENOS AIRES,,Chapadmalal,1,0,0,1,1,1,0,1,1,SI
BUENOS AIRES,General Pueyrredón,El Marquesado,0,0,0,0,0,0,1,0,0,SI
BUENOS AIRES,,Punta Mogotes,0,0,0,0,1,1,0,0,0,SI
CABA,COMUNA 05,ALMAGRO,0,1,1,1,0,1,1,1,1,SI
CHUBUT,,Km. 11 - Cuarteles,0,0,0,0,0,0,0,0,0,NO
CHUBUT,,KM. 3 - General Mosconi,0,0,0,0,1,1,0,0,0,SI
CHUBUT,,Camarones,0,0,0,0,1,0,0,0,1,SI
CHUBUT,Futaleufú,Aldea Escolar,0,0,0,0,0,0,1,0,0,SI
BUENOS AIRES,,La Armonía,0,0,0,0,1,1,0,1,0,SI
BUENOS AIRES,,Mar Chiquita,0,0,0,0,1,1,0,0,0,SI
BUENOS AIRES,Mar Chiquita,Santa Elena,0,0,0,0,0,0,0,0,0,NO
BUENOS AIRES,Marcos Paz,Marcos Paz,0,1,1,1,0,1,1,0,1,SI
BUENOS AIRES,,Goldney,0,0,0,0,0,0,0,0,0,NO
BUENOS AIRES,Berazategui,Carlos Tomás Sourigues,0,1,0,1,0,1,1,0,0,SI
BUENOS AIRES,,Guillermo E. Hudson,1,1,0,1,1,1,0,0,0,SI
BUENOS AIRES,,Villa España,1,1,0,1,1,1,0,0,0,SI
ENTRE RIOS,Colón,El Colorado,0,0,0,0,0,1,0,0,1,SI
BUENOS AIRES,,General Pinto,0,0,0,0,1,1,0,0,1,SI
BUENOS AIRES,General Pinto,Gunther,0,0,0,0,0,0,0,0,0,NO
BUENOS AIRES,,Barrio Colinas Verdes,0,0,0,0,1,1,0,1,0,SI
BUENOS AIRES,General Pueyrredón,Barrio La Gloria,0,0,0,0,0,1,0,0,0,SI
BUENOS AIRES,Malvinas Argentinas,Los Polvorines,0,1,1,1,0,1,1,1,0,SI
BUENOS AIRES,,Atlantida,0,0,0,0,1,1,0,0,0,SI
BUENOS AIRES,San Nicolás,Campos Salles,0,0,0,0,0,0,0,0,0,NO
BUENOS AIRES,San Nicolás,General Rojo,0,0,0,1,0,1,1,0,1,SI
BUENOS AIRES,,La Emilia,0,0,0,0,1,1,0,0,0,SI
BUENOS AIRES,San Nicolás,Villa Riccio,0,0,0,0,0,0,0,0,0,NO
BUENOS AIRES,,Pueblo Doyle,0,0,0,0,0,0,0,0,0,NO
BUENOS AIRES,,Santa Lucía,0,0,0,1,1,1,0,0,1,SI
BUENOS AIRES,San Vicente,Domselaar,0,1,0,0,0,1,1,1,0,SI
BUENOS AIRES,,Suipacha,1,0,0,1,1,1,0,0,0,SI
BUENOS AIRES,,De la Canal,0,0,0,0,0,0,0,1,0,SI
CHUBUT,,Gastre,0,0,0,0,1,0,0,1,0,SI
CHUBUT,,Yala Laubat,0,0,0,0,0,0,0,0,1,SI
CHUBUT,Languiñeo,Aldea Epulef,0,0,0,0,0,0,1,1,0,SI
CORDOBA,,Coronel Moldes,1,0,0,0,1,1,0,0,0,SI
CORDOBA,,La Gilda,0,0,0,0,0,0,0,0,0,NO
CHUBUT,Languiñeo,Colan Conhue,0,0,0,0,0,0,1,1,1,SI
CHUBUT,,Las Plumas,0,0,0,0,0,0,0,0,1,SI
CHUBUT,Paso de Indios,Los Altares,0,0,0,0,0,0,1,1,0,SI
CHUBUT,Paso de Indios,Paso de Indios,0,0,0,0,0,0,1,0,1,SI
BUENOS AIRES,,General O'Brien,1,0,0,1,1,1,0,1,0,SI
BUENOS AIRES,Bragado,Máximo Fernández (Est. Juan F. Salaberry),0,0,0,0,0,0,0,0,0,NO
BUENOS AIRES,,Olascoaga,0,0,0,0,0,0,0,0,0,NO
BUENOS AIRES,Brandsen,Altamirano,0,0,0,0,0,0,1,0,0,SI
BUENOS AIRES,,Barrio Parque Las Acacias,0,0,0,0,0,0,0,0,0,NO
BUENOS AIRES,Brandsen,Campos de Roca,0,0,0,0,0,1,0,0,0,SI
ENTRE RIOS,,Pueblo Moreno,0,0,0,0,0,0,0,0,0,NO
BUENOS AIRES,,Coronel Brandsen,1,1,0,1,1,1,0,1,0,SI
BUENOS AIRES,Brandsen,Posada de los Lagos,0,0,0,0,0,1,0,0,0,SI
BUENOS AIRES,Campana,Chacras del Río Luján,0,0,0,0,0,1,0,0,0,SI
BUENOS AIRES,,General Rodríguez,1,1,0,1,1,1,0,1,0,SI
BUENOS AIRES,General San Martín,Barrio Parque General San Martin,0,0,1,1,0,0,1,1,0,SI
BUENOS AIRES,General San Martín,Ciudad Jardin El Libertador,0,1,0,0,0,1,1,0,0,SI
BUENOS AIRES,General San Martín,Villa Ballester,0,1,1,1,0,1,1,1,0,SI
BUENOS AIRES,General San Martín,Villa Coronel Jose M. Zapiola,0,1,0,1,0,1,0,0,0,SI
BUENOS AIRES,,Villa General Antonio J. De Sucre,0,1,0,1,1,1,0,0,0,SI
BUENOS AIRES,General San Martín,Villa Godoy Cruz,0,1,0,1,0,1,0,0,0,SI
BUENOS AIRES,,Villa Gregoria Matorras,0,1,0,0,1,1,0,0,0,SI
BUENOS AIRES,,Tomás Jofré,0,0,0,0,0,0,0,0,0,NO
BUENOS AIRES,Merlo,Pontevedra,0,1,1,1,0,1,1,0,0,SI
BUENOS AIRES,,Abbott,0,0,0,1,1,1,0,1,0,SI
BUENOS AIRES,,San Miguel del Monte (Est. Monte),1,1,0,1,1,1,0,0,0,SI
BUENOS AIRES,Moreno,Cuartel V,0,1,1,1,0,1,1,0,0,SI
BUENOS AIRES,,Don Torcuato Oeste,0,0,0,0,1,1,0,1,0,SI
BUENOS AIRES,Tigre,General Pacheco,0,1,0,1,0,1,1,0,1,SI
BUENOS AIRES,,Nordelta,0,1,0,1,1,1,0,0,0,SI
BUENOS AIRES,Tigre,Ricardo Rojas,0,1,0,1,0,1,1,0,0,SI
BUENOS AIRES,Tordillo,General Conesa,0,1,0,0,0,1,1,1,0,SI
RIO NEGRO,,Río Chico (Est. Cerro Mesa),0,0,0,0,0,0,0,0,1,SI
BUENOS AIRES,Cañuelas,Barrio El Taladro,0,0,0,0,0,0,0,1,0,SI
BUENOS AIRES,,Uribelarrea,1,0,0,1,1,1,0,0,0,SI
BUENOS AIRES,,La Luisa,0,0,0,0,0,0,0,1,0,SI
BUENOS AIRES,Carlos Casares,Bellocq,0,0,1,0,0,0,1,0,0,SI
BUENOS AIRES,,Villa Marqués Alejandro María De Aguado,0,1,0,1,1,1,0,0,0,SI
BUENOS AIRES,General San Martín,Villa Parque Pres Figueroa Alcorta,0,0,0,1,0,1,0,0,0,SI
BUENOS AIRES,General San Martín,Villa Yapeyú,0,1,0,1,0,1,0,0,0,SI
BUENOS AIRES,Moreno,La Reja,0,1,1,1,0,1,1,0,1,SI
BUENOS AIRES,,Paso Del Rey,0,1,0,1,1,1,0,1,0,SI
BUENOS AIRES,Morón,El Palomar,0,1,1,1,0,0,1,1,1,SI
BUENOS AIRES,Tornquist,Tornquist,0,1,0,1,0,1,1,0,1,SI
BUENOS AIRES,Trenque Lauquen,Berutti,0,0,0,1,0,1,1,0,0,SI
BUENOS AIRES,Trenque Lauquen,La Carreta,0,0,0,0,0,0,0,0,0,NO
JUJUY,,Los Alisos,1,0,0,0,0,0,0,0,0,SI
CABA,COMUNA 01,MONSERRAT,0,1,1,1,0,0,1,1,0,SI
CORDOBA,,Las Bajadas,0,0,0,0,1,0,0,1,0,SI
CORDOBA,Calamuchita,Los Cóndores,0,0,0,0,0,1,1,1,1,SI
CORDOBA,,La Puerta,0,0,0,1,1,1,0,1,0,SI
CORDOBA,,Monte del Rosario,0,0,0,0,0,0,0,0,0,NO
CORDOBA,,Obispo Trejo,0,0,0,0,1,1,0,0,0,SI
CABA,COMUNA 10,VILLA LURO,0,0,1,1,0,1,1,1,0,SI
CORDOBA,Tulumba,Cerro Colorado,0,0,0,0,0,0,0,0,0,NO
CORDOBA,Tulumba,El Tuscal,0,0,0,0,0,0,0,0,0,NO
CABA,,PALERMO,1,1,0,1,1,1,0,1,0,SI
ENTRE RIOS,Diamante,Costa Grande,0,0,0,0,0,0,0,0,0,NO
ENTRE RIOS,Diamante,Diamante,0,1,0,0,0,1,1,1,0,SI
FORMOSA,Formosa,Formosa,0,1,0,1,0,1,1,1,1,SI
FORMOSA,,San Hilario,0,0,0,0,1,0,0,1,1,SI
FORMOSA,,Villa del Carmen,0,0,0,0,1,1,0,1,1,SI
FORMOSA,Laishi,General Lucio Victorio Mansilla,0,0,0,0,0,0,1,1,0,SI
LA PAMPA,,Quemú Quemú,0,0,0,1,1,1,0,0,1,SI
LA PAMPA,,Caleufú,0,1,0,1,1,0,0,0,0,SI
LA PAMPA,Rancul,Ingeniero Foster,0,0,0,0,0,0,0,0,0,NO
LA PAMPA,,Quetrequén,0,0,0,1,0,0,0,1,1,SI
LA PAMPA,Realicó,Damián Maisonave (Est. Simson),0,0,0,1,0,0,1,0,0,SI
MENDOZA,,General Alvear,1,1,0,1,1,1,0,1,0,SI
MENDOZA,Godoy Cruz,Gobernador Benegas,0,0,0,1,0,1,0,0,0,SI
MENDOZA,,LAS TORTUGAS,0,0,0,1,1,1,0,0,0,SI
MENDOZA,Godoy Cruz,Villa Marini,0,0,0,0,0,1,0,0,0,SI
MENDOZA,Rivadavia,Andrade,0,0,0,0,0,0,0,1,0,SI
MENDOZA,Rivadavia,Cuadro Ortega,0,0,0,0,0,0,0,0,0,NO
MENDOZA,,El Mirador,0,0,0,1,0,0,0,1,0,SI
MENDOZA,Rivadavia,La Libertad,0,0,0,0,0,0,0,1,0,SI
MENDOZA,,Los Campamentos,0,0,0,0,1,0,0,1,0,SI
MENDOZA,,Santa María de Oro,0,0,0,0,0,0,0,0,0,NO
MISIONES,General Manuel Belgrano,Integración,0,0,0,0,0,0,1,0,0,SI
MISIONES,,Puerto Andresito,0,0,0,0,0,0,0,0,0,NO
MISIONES,Guaraní,El Soberbio,0,0,0,0,0,0,1,1,0,SI
MISIONES,Iguazú,Esperanza,0,0,0,1,0,1,1,0,0,SI
MISIONES,,Libertad,1,0,0,0,1,1,0,0,0,SI
NEUQUEN,Los Lagos,Villa La Angostura,0,0,1,1,0,1,1,0,1,SI
NEUQUEN,Los Lagos,Villa Traful,0,0,0,0,0,0,1,0,0,SI
NEUQUEN,,Las Ovejas,0,0,0,0,0,0,0,0,0,NO
NEUQUEN,Minas,Varvarco,0,0,0,0,0,0,0,0,0,NO
RIO NEGRO,,Villa Catedral,1,0,0,0,1,1,0,0,0,SI
RIO NEGRO,Bariloche,Villa Mascardi,0,0,0,1,0,0,0,0,0,SI
RIO NEGRO,,Barrio Planta Compresora de Gas,0,0,0,0,0,0,0,0,0,NO
RIO NEGRO,El Cuy,Aguada Guzmán,0,0,0,0,0,0,0,0,1,SI
RIO NEGRO,,Mencué,0,0,0,0,0,0,0,0,0,NO
SALTA,,General Pizarro,0,0,0,1,1,0,0,1,0,SI
SALTA,,Luis Burela,0,0,0,0,0,0,0,1,0,SI
SALTA,Anta,Macapillo,0,0,0,0,0,0,0,0,0,NO
SALTA,,Tolloche,0,0,0,1,0,0,0,0,1,SI
SAN JUAN,,Rawson,1,0,0,0,1,1,0,1,0,SI
SAN JUAN,Rivadavia,Rivadavia,0,0,1,1,0,1,1,1,1,SI
SAN JUAN,,Villa Dominguito (Est. Puntilla Blanca),0,0,0,0,0,0,0,0,0,NO
SAN JUAN,San Martín,Villa El Salvador,0,0,0,0,0,0,0,1,0,SI
SAN JUAN,Santa Lucía,Alto De Sierra,0,0,0,0,0,1,0,0,0,SI
SAN LUIS,,Unión,0,0,0,0,1,0,0,1,0,SI
SAN LUIS,,Carpinteria,1,1,0,0,1,1,0,1,0,SI
SAN LUIS,Junín,Cerro de Oro,0,1,0,1,0,0,1,1,0,SI
SAN LUIS,,La Lomita,0,0,0,0,0,0,0,0,0,NO
SAN LUIS,,Lafinur,0,0,0,0,0,0,0,1,0,SI
SAN LUIS,,Merlo,1,1,0,1,1,1,0,1,0,SI
SANTA FE,Caseros,Gödeken,0,1,0,1,0,0,1,0,0,SI
SANTA FE,,San José de la Esquina,1,1,0,0,1,1,0,1,0,SI
SANTA FE,Castellanos,Ataliva,0,1,0,1,0,1,1,1,0,SI
SANTA FE,General López,Santa Isabel,0,0,0,1,0,0,1,0,0,SI
SANTA FE,,Teodelina,0,1,0,0,1,1,0,0,0,SI
SANTA FE,General Obligado,Arroyo Ceibal,0,0,0,0,0,0,1,0,0,SI
SANTA FE,,El Araza,0,0,0,0,1,0,0,1,0,SI
SANTA FE,Rosario,Albarellos,0,0,0,0,0,0,1,1,0,SI
SANTA FE,Rosario,Arminda,0,0,0,0,0,0,1,0,0,SI
SANTA FE,,Arroyo Seco,1,1,0,1,1,1,0,0,0,SI
SANTA FE,Rosario,Cuatro Esquinas,0,0,0,1,0,0,0,0,0,SI
SANTA FE,,Pedro Gómez Cello,0,0,0,0,1,0,0,1,0,SI
SANTA FE,San Justo,San Martín Norte,0,0,0,0,0,0,1,1,0,SI
SANTA FE,San Justo,Videla,0,0,0,1,0,0,1,1,0,SI
SANTA FE,,Aldao,0,1,0,0,1,0,0,0,0,SI
SANTIAGO DEL ESTERO,Copo,San José del Boquerón,0,0,0,0,0,0,0,0,0,NO
SANTIAGO DEL ESTERO,,Colonia San Juan,0,0,0,0,0,0,0,0,0,NO
SANTIAGO DEL ESTERO,Figueroa,La Cañada,0,0,0,1,0,0,0,1,1,SI
SANTIAGO DEL ESTERO,,Vaca Huañuna,0,0,0,0,0,0,0,1,0,SI
SANTIAGO DEL ESTERO,,Villa Figueroa,0,0,0,1,0,0,0,0,0,SI
TUCUMAN,,Alto Verde,0,0,0,0,1,0,0,0,0,SI
TUCUMAN,Chicligasta,Concepción,0,1,0,1,0,1,1,1,0,SI
TUCUMAN,,San Roque,0,0,0,0,0,0,0,0,0,NO
TUCUMAN,,Barrio Aeropuerto,0,0,0,0,1,1,0,0,0,SI
TUCUMAN,,Colonia Mayo - Barrio La Milagrosa,0,0,0,0,0,0,0,0,0,NO
TUCUMAN,Cruz Alta,El Corte,0,0,0,0,0,0,0,0,0,NO
TUCUMAN,,Ex Ingenio Lujan,0,0,0,0,0,0,0,0,0,NO
TUCUMAN,Cruz Alta,La Florida,0,0,0,0,0,1,1,0,1,SI
TUCUMAN,,Lastenia,0,0,0,0,1,1,0,0,0,SI
TUCUMAN,Cruz Alta,Lastenia,0,0,0,0,0,1,0,0,0,SI
TUCUMAN,,Ranchillos,0,0,0,0,1,1,0,1,0,SI
TUCUMAN,Famaillá,Campo de Herrera,0,0,0,0,0,0,0,0,0,NO
TUCUMAN,,Graneros,0,0,0,0,1,1,0,0,1,SI
TUCUMAN,,Juan Bautista Alberdi,1,0,0,0,1,1,0,0,1,SI
TUCUMAN,La Cocha,La Cocha,0,0,0,0,0,1,1,1,0,SI
TUCUMAN,,Los Puestos,0,0,0,0,1,1,0,0,0,SI
TUCUMAN,Leales,Río Colorado,0,0,0,0,0,0,0,0,0,NO
TUCUMAN,,Villa de Leales,0,0,0,0,1,0,0,1,0,SI
TUCUMAN,,Barrio Araujo,0,0,0,0,1,1,0,0,0,SI
TUCUMAN,Lules,Barrio San Felipe,0,0,0,0,0,1,0,0,0,SI
TUCUMAN,Lules,La Reducción,0,0,0,0,0,1,1,0,0,SI
TUCUMAN,Simoca,Atahona,0,0,0,0,0,1,0,0,0,SI
TUCUMAN,,Nueva Trinidad,0,0,0,0,0,0,0,1,0,SI
TUCUMAN,Tafí del Valle,Amaicha del Valle,0,0,0,1,0,1,1,1,0,SI
TUCUMAN,Tafí Viejo,Barrio Lomas de Tafí,0,0,0,0,0,0,1,0,0,SI
TUCUMAN,,Diagonal Norte - Luz y Fuerza - Los Pocitos - Villa Nueva Italia (6),0,0,0,1,1,0,0,0,0,SI
TUCUMAN,Monteros,Monteros,0,0,0,1,0,1,1,1,0,SI
TUCUMAN,,Río Seco,1,0,0,1,1,1,0,0,0,SI
TUCUMAN,Monteros,Sargento Moya,0,0,0,0,0,0,0,1,0,SI
TUCUMAN,,Soldado Maldonado,0,0,0,0,0,0,0,0,0,NO
TUCUMAN,Río Chico,Ingenio Santa Barbara,0,0,0,0,0,1,0,0,0,SI
TUCUMAN,,Río Chico,0,0,0,0,0,0,0,0,0,NO
TUCUMAN,,Villa Las Flores,0,0,0,0,1,1,0,0,0,SI
TUCUMAN,Trancas,Villa de Trancas,0,0,0,0,0,1,1,1,0,SI
TUCUMAN,Yerba Buena,Country Jockey Club,0,0,0,0,0,0,0,0,0,NO
TUCUMAN,,Villa Carmela,1,0,0,0,1,1,0,1,0,SI
SANTA FE,San Lorenzo,Timbúes,0,0,0,1,0,1,1,1,0,SI
SANTA FE,,Cañada Rosquín,0,0,0,0,1,1,0,0,0,SI
SANTA FE,San Martín,Casas,0,1,0,0,0,0,1,0,0,SI
SANTA FE,,Crispi,0,0,0,0,1,0,0,0,0,SI
SANTA FE,,Las Bandurrias,0,1,0,0,1,0,0,0,0,SI
SANTA FE,San Martín,Las Petacas,0,0,0,0,0,0,0,0,0,NO
SANTA FE,,Traill,0,0,0,0,0,0,0,0,0,NO
SANTA FE,,Wildermuth (Est. Granadero B. Bustos),0,0,0,0,0,0,0,0,0,NO
SANTA FE,Vera,Colmena,0,0,0,0,0,0,0,0,1,SI
SANTA FE,,Golondrina,0,0,0,0,1,0,0,0,0,SI
SANTA FE,Vera,La Gallareta,0,0,0,0,0,0,1,1,0,SI
SANTA FE,Vera,Los Amores,0,0,0,0,0,0,1,1,0,SI
SANTA FE,Vera,Tartagal (Est. El Tajamar),0,0,0,0,0,0,0,1,0,SI
SANTA FE,,Vera (Est. Gobernador Vera),1,0,0,0,1,1,0,1,0,SI
SANTIAGO DEL ESTERO,Aguirre,Argentina,0,0,0,0,0,0,0,0,0,NO
SANTIAGO DEL ESTERO,Alberdi,Campo Gallo,0,0,0,1,0,0,1,1,0,SI
SANTIAGO DEL ESTERO,Alberdi,Sachayoj,0,0,0,1,0,0,1,0,0,SI
SANTIAGO DEL ESTERO,Atamisqui,Estación Atamisqui,0,0,0,1,0,0,0,0,1,SI
SANTIAGO DEL ESTERO,,Herrera,0,1,0,0,1,1,0,0,1,SI
SANTIAGO DEL ESTERO,,Guardia Escolta,1,1,0,0,1,0,0,0,1,SI
SANTIAGO DEL ESTERO,Capital,El Mojón,0,0,0,0,0,0,0,1,0,SI
SANTIAGO DEL ESTERO,,Maquito,0,0,0,0,1,1,0,1,1,SI
SANTIAGO DEL ESTERO,Capital,Morales,0,0,0,0,0,0,0,0,0,NO
SANTIAGO DEL ESTERO,,San Pedro,0,0,0,0,0,0,0,1,0,SI
SANTIAGO DEL ESTERO,,Icaño,0,1,0,0,1,0,0,1,1,SI
SANTIAGO DEL ESTERO,Banda,Abra Grande,0,0,0,0,0,0,0,0,0,NO
SANTIAGO DEL ESTERO,Banda,Clodomira,0,0,0,1,0,1,1,0,1,SI
SANTIAGO DEL ESTERO,,La Aurora,0,0,0,0,0,0,0,0,0,NO
SANTIAGO DEL ESTERO,Banda,Los Soria,0,0,0,0,0,0,0,0,0,NO
SANTIAGO DEL ESTERO,,Simbolar,0,0,0,0,1,0,0,0,1,SI
SANTIAGO DEL ESTERO,General Taboada,Añatuya,0,1,0,1,0,1,1,1,1,SI
SANTIAGO DEL ESTERO,,Los Juríes,0,1,0,1,1,0,0,0,0,SI
SANTIAGO DEL ESTERO,Jiménez,El Arenal,0,0,0,0,0,0,0,0,0,NO
SANTIAGO DEL ESTERO,,El Charco,0,0,0,1,1,0,0,0,0,SI
SANTIAGO DEL ESTERO,Jiménez,Gramilla,0,0,0,1,0,0,0,0,0,SI
SANTIAGO DEL ESTERO,,Patay,0,0,0,0,0,0,0,0,0,NO
SANTIAGO DEL ESTERO,Juan F. Ibarra,El Cuadrado,0,0,0,0,0,0,1,1,1,SI
SANTIAGO DEL ESTERO,,Suncho Corral,1,0,0,0,1,1,0,1,0,SI
SANTIAGO DEL ESTERO,,Yuchán,0,0,0,0,1,0,0,0,0,SI
SANTIAGO DEL ESTERO,Loreto,Villa San Martín (Est. Loreto),0,0,0,0,0,0,0,1,0,SI
SANTIAGO DEL ESTERO,Moreno,Alhuampa,0,0,0,1,0,0,0,0,1,SI
SANTIAGO DEL ESTERO,Moreno,Las Tinajas,0,0,0,0,0,0,0,0,1,SI
SANTIAGO DEL ESTERO,,Lilo Viejo,0,0,0,0,0,0,0,0,0,NO
SANTIAGO DEL ESTERO,Moreno,Roversi,0,0,0,0,0,0,0,0,1,SI
SANTIAGO DEL ESTERO,Moreno,Tintina,0,0,0,1,0,0,1,0,0,SI
SANTIAGO DEL ESTERO,Pellegrini,El Mojón,0,0,0,0,0,0,0,1,0,SI
SANTIAGO DEL ESTERO,,Rapelli,0,0,0,1,1,0,0,0,0,SI
SANTIAGO DEL ESTERO,,Santo Domingo,0,0,0,0,0,0,0,0,0,NO
SANTIAGO DEL ESTERO,Quebrachos,Sumampa Viejo,0,0,0,0,0,0,0,1,0,SI
SANTIAGO DEL ESTERO,,Gramilla,0,0,0,0,0,0,0,0,1,SI
SANTIAGO DEL ESTERO,Río Hondo,Mansupa,0,0,0,0,0,1,0,0,0,SI
SANTIAGO DEL ESTERO,Río Hondo,Villa Turística del Embalse,0,0,0,0,0,0,0,0,0,NO
SANTIAGO DEL ESTERO,,Selva,0,1,0,0,1,1,0,1,1,SI
SANTIAGO DEL ESTERO,Robles,Colonia El Simbolar,0,0,0,0,0,0,0,0,1,SI
SANTIAGO DEL ESTERO,,Ingeniero Forres (Est. Chaguar Punco),0,0,0,1,0,0,0,1,0,SI
SANTIAGO DEL ESTERO,Robles,Vilmer,0,0,0,1,0,1,0,0,1,SI
SANTIAGO DEL ESTERO,,Brea Pozo,0,0,0,0,1,1,0,0,1,SI
SANTIAGO DEL ESTERO,Capital,Santiago del Estero,0,0,1,1,0,1,1,1,1,SI
SANTIAGO DEL ESTERO,Choya,Ancaján,0,0,0,0,0,0,0,0,0,NO
SANTIAGO DEL ESTERO,,Choya,1,0,0,1,1,1,0,0,0,SI
SANTIAGO DEL ESTERO,,Laprida,0,0,0,1,1,0,0,0,0,SI
SANTIAGO DEL ESTERO,,Villa La Punta,0,0,0,1,1,0,0,1,1,SI
SANTIAGO DEL ESTERO,Copo,La Firmeza,0,0,0,0,0,0,0,1,0,SI
SANTIAGO DEL ESTERO,,Garza,0,0,0,0,1,1,0,0,0,SI
SANTIAGO DEL ESTERO,,Villa Silípica,0,0,0,0,0,0,0,0,0,NO
TIERRA DEL FUEGO,ANTARTIDA ARGENTINA,Base Esperanza,0,0,0,0,0,0,0,0,0,NO
TIERRA DEL FUEGO,ANTARTIDA ARGENTINA,Base Marambio,0,0,0,0,0,1,0,0,0,SI
TIERRA DEL FUEGO,,Base San Martin,0,0,0,0,0,0,0,0,0,NO
SANTA FE,General Obligado,Reconquista,0,1,1,1,0,1,1,0,1,SI
SANTA FE,,Villa Guillermina,1,1,0,0,1,1,0,0,1,SI
SANTA FE,Iriondo,Cañada de Gómez,0,1,0,1,0,1,1,0,0,SI
SANTA FE,,Cabal,0,0,0,0,0,0,0,0,0,NO
SANTA FE,La Capital,Emilia,0,0,0,1,0,0,1,1,0,SI
SANTA FE,,Llambi Campbell,1,0,0,0,1,1,0,1,0,SI
SANTA FE,La Capital,Nelson,0,0,0,1,0,1,1,1,0,SI
SANTA FE,,RINCON NORTE,0,0,0,0,0,0,0,0,0,NO
SANTA FE,La Capital,Rincón Potrero,0,0,0,0,0,0,0,0,0,NO
SANTA FE,,Santa Fe,1,1,0,1,1,1,0,1,0,SI
SANTA FE,,Villa Adelina,0,0,0,0,1,1,0,0,0,SI
SANTA FE,La Capital,Villa Laura (Est. Constituyentes),0,0,0,0,0,0,0,0,0,NO
SANTA FE,,Empalme San Carlos,0,0,0,0,1,0,0,1,0,SI
SANTA FE,Las Colonias,Felicia,0,0,0,0,0,0,1,0,0,SI
SANTA FE,,Grutly,1,0,0,0,1,0,0,1,0,SI
SANTA FE,Las Colonias,Jacinto L. Aráuz,0,0,0,0,0,0,0,0,0,NO
SANTA FE,,Matilde,1,0,0,0,1,0,0,0,0,SI
SANTA FE,,Providencia,0,0,0,0,1,0,0,1,0,SI
SANTA FE,,San Carlos Centro,1,1,0,1,1,1,0,1,0,SI
SANTA FE,Las Colonias,San Carlos Norte,0,1,0,0,0,0,1,1,0,SI
SANTA FE,,Classon,0,0,0,1,1,1,0,0,0,SI
SANTA FE,Iriondo,Lucio V. López,0,1,0,0,0,0,1,1,0,SI
SANTA FE,,Serodino,1,0,0,1,1,0,0,1,0,SI
SANTA FE,Iriondo,Totoras,0,0,0,1,0,1,1,0,0,SI
SANTA FE,,Angel Gallardo,0,0,0,0,1,1,0,0,0,SI
SANTA FE,Rosario,Funes,0,0,0,1,0,1,1,1,1,SI
SANTA FE,Rosario,Los Muchachos - La Alborada,0,0,0,0,0,0,0,0,0,NO
SANTA FE,,Pueblo Esther,1,0,0,1,1,1,0,0,1,SI
SANTA FE,Rosario,Pueblo Uranga,0,0,0,1,0,0,1,0,0,SI
SANTA FE,Rosario,Puerto Arroyo Seco,0,0,0,0,0,0,0,0,0,NO
SANTA FE,,Villa del Plata,0,1,0,0,0,0,0,0,0,SI
SANTA FE,San Cristóbal,Aguará Grande,0,0,0,0,0,0,0,1,1,SI
SANTA FE,,Arrufo,1,1,0,1,1,1,0,0,0,SI
SANTA FE,San Cristóbal,Capivara,0,0,0,0,0,0,0,0,1,SI
SANTA FE,,Colonia Rosa,0,0,0,0,1,0,0,0,0,SI
SANTA FE,,Hersilia,0,1,0,0,1,1,0,1,0,SI
SANTA FE,San Cristóbal,Las Avispas,0,0,0,0,0,0,0,0,0,NO
SANTA FE,,Ñanducita,0,0,0,0,0,0,0,0,0,NO
SANTA FE,San Cristóbal,Soledad,0,0,0,0,0,0,1,1,0,SI
SANTA FE,San Cristóbal,Villa Trinidad,0,0,0,0,0,0,1,0,0,SI
SANTA FE,,Alejandra,0,0,0,0,1,0,0,1,1,SI
SANTA FE,San Javier,San Javier,0,1,0,1,0,1,1,1,0,SI
SANTA FE,,Arocena,0,1,0,0,1,1,0,0,0,SI
SANTA FE,,Barrio Caima,0,0,0,0,0,0,0,1,0,SI
SANTA FE,,Casalegno,0,0,0,0,0,0,0,0,0,NO
SANTA FE,San Jerónimo,Coronda,0,1,0,1,0,1,1,0,0,SI
SANTA FE,,Gaboto,0,0,0,0,1,1,0,1,0,SI
SANTA FE,,Gálvez,1,0,0,1,1,1,0,0,1,SI
SANTA FE,,López (Est. San Martín de Tours),1,1,0,0,1,0,0,0,0,SI
SANTA FE,,Monje,1,0,0,1,1,1,0,0,0,SI
SANTA FE,San Jerónimo,San Genaro,0,0,0,1,0,1,1,1,0,SI
SANTA FE,,San Genaro Norte,1,1,0,1,1,0,0,0,0,SI
SANTA FE,San Justo,Cayastacito,0,0,0,0,0,0,1,1,0,SI
SANTA FE,,Esther,0,0,0,0,0,0,0,1,0,SI
SANTA FE,San Justo,Marcelino Escalada,0,0,0,0,0,1,1,0,0,SI
TIERRA DEL FUEGO,Ushuaia,Ushuaia,0,1,1,1,0,1,1,0,1,SI
TUCUMAN,,El Naranjo,0,0,0,0,0,0,0,0,0,NO
TUCUMAN,Burruyacú,Piedrabuena,0,0,0,0,0,1,0,1,0,SI
SAN LUIS,,Pozo Del Carril,0,0,0,0,0,0,0,0,0,NO
SAN LUIS,,San Luis,1,1,0,1,1,1,0,1,1,SI
SAN LUIS,La Capital,San Roque,0,0,0,0,0,1,0,0,0,SI
SAN LUIS,,Cabeza De Novillo,0,0,0,0,0,0,0,0,0,NO
SAN LUIS,Libertador Grl. San Martín,El Paraiso,0,0,0,0,0,0,0,0,0,NO
SAN LUIS,Libertador Grl. San Martín,La Ramada,0,0,0,0,0,0,0,1,0,SI
SAN LUIS,,La Vertiente,0,0,0,0,0,0,0,1,1,SI
SAN LUIS,Libertador Grl. San Martín,Planta De Sandia,0,0,0,0,0,0,0,0,0,NO
SAN LUIS,Libertador Grl. San Martín,Potrerillo,0,0,0,0,0,0,0,0,0,NO
SAN LUIS,Libertador Grl. San Martín,San Martín,0,0,1,1,0,0,1,0,0,SI
SAN LUIS,Libertador Grl. San Martín,Tala Verde,0,0,0,0,0,0,0,0,0,NO
SAN LUIS,,Villa de Praga,0,0,0,0,0,0,0,0,1,SI
SANTA CRUZ,Deseado,Cañadón Seco,0,0,0,1,0,1,0,1,1,SI
SANTA CRUZ,Deseado,Las Heras,0,0,0,1,0,1,0,0,1,SI
SANTA CRUZ,,Tellier,0,0,0,0,0,0,0,0,0,NO
SANTA CRUZ,Güer Aike,Mina 3,0,0,0,0,0,1,0,0,0,SI
SANTA CRUZ,,Rospentek,0,0,0,0,0,0,0,0,0,NO
SANTA CRUZ,,Yacimientos Río Turbio,0,0,0,0,1,1,0,0,0,SI
SANTA CRUZ,Lago Buenos Aires,Los Antiguos,0,0,1,0,0,0,1,1,0,SI
SANTA CRUZ,,Bajo Caracoles,0,0,0,0,0,0,0,0,1,SI
SANTA CRUZ,Río Chico,Hipólito Yrigoyen,0,0,0,0,0,0,1,0,0,SI
SANTA FE,,Esteban Rams,0,0,0,0,1,0,0,1,1,SI
SANTA FE,9 de Julio,Logroño,0,0,0,0,0,1,1,0,0,SI
SANTA FE,,Montefiore,0,0,0,0,0,0,0,1,1,SI
SANTA FE,9 de Julio,San Bernardo,0,0,0,0,0,0,1,0,0,SI
SANTA FE,9 de Julio,Tostado,0,1,0,0,0,1,1,1,1,SI
SANTA FE,,Las Parejas,1,0,0,1,1,1,0,1,0,SI
SANTA FE,,Arteaga,1,1,0,0,1,1,0,1,0,SI
SANTA FE,Caseros,Bigand,0,1,0,0,0,1,1,0,0,SI
SANTA FE,,Casilda,1,1,0,1,1,1,0,1,0,SI
SANTA FE,,Bauer y Sigel,1,0,0,0,0,0,0,0,0,SI
SANTA FE,,Colonia Bicha,1,0,0,1,1,0,0,0,0,SI
SANTA FE,,Colonia Raquel,1,0,0,1,0,0,0,1,0,SI
SANTA FE,Castellanos,Estación Clucellas,0,1,0,0,0,0,1,1,0,SI
SANTA FE,,Estacion Presidente Roca,0,0,0,0,0,0,0,0,0,NO
SANTA FE,Castellanos,Eusebia y Carolina,0,0,0,1,0,0,0,0,0,SI
SANTA FE,,Frontera,0,0,0,0,1,1,0,0,0,SI
SAN LUIS,General Pedernera,Villa Reynolds,0,0,0,0,0,1,0,0,0,SI
SAN LUIS,,Arizona,0,0,0,0,1,0,0,1,0,SI
SAN LUIS,Gobernador Dupuy,Batavia,0,0,0,0,0,0,1,1,1,SI
SAN LUIS,Gobernador Dupuy,Buena Esperanza,0,0,1,0,0,0,1,1,0,SI
SAN LUIS,,La Maroma,0,0,0,0,0,0,0,0,1,SI
SAN LUIS,Gobernador Dupuy,Navia,0,0,0,0,0,0,0,0,1,SI
SANTA FE,,Humberto Primo,1,1,0,1,1,1,0,1,0,SI
SANTA FE,Castellanos,Lehmann,0,1,0,1,0,0,1,1,0,SI
SANTA FE,,María Juana,1,1,0,1,1,1,0,1,0,SI
SANTA FE,Castellanos,Presidente Roca,0,1,0,1,0,0,1,1,0,SI
SANTA FE,,San Antonio,0,1,0,0,0,0,0,1,0,SI
SANTA FE,Castellanos,Sunchales,0,1,0,1,0,0,1,0,0,SI
SANTA FE,Castellanos,Susana,0,0,0,1,0,1,1,1,0,SI
SANTA FE,Castellanos,Virginia,0,0,0,0,0,0,0,1,0,SI
SANTA FE,,Alcorta,1,1,0,1,1,1,0,0,0,SI
SANTA FE,Constitución,Cañada Rica,0,0,0,0,0,0,1,0,0,SI
SANTA FE,Constitución,Firmat,0,0,0,0,0,0,0,0,0,NO
SANTA FE,,Juncal,1,0,0,1,0,0,0,1,0,SI
SANTA FE,,Pavón,1,0,0,0,1,1,0,0,0,SI
SANTA FE,Constitución,Pavón Arriba,0,0,0,1,0,1,1,0,0,SI
SANTA FE,,Villa Constitución,1,1,0,1,1,1,0,1,0,SI
SANTA FE,Garay,Saladero Mariano Cabal,0,0,0,0,0,0,1,1,1,SI
SAN JUAN,Jáchal,San José de Jáchal,0,0,1,1,0,1,1,0,1,SI
SAN JUAN,,Barrio Municipal,0,0,0,0,0,0,0,0,0,NO
SAN JUAN,Pocito,Carpintería,0,0,0,0,0,0,1,1,0,SI
SAN JUAN,,Las Piedritas,0,0,0,0,0,0,0,0,0,NO
SAN JUAN,Pocito,Villa Aberastain - La Rinconada,0,0,1,0,0,0,1,1,1,SI
SAN JUAN,,Villa Nacusi,0,0,0,0,0,0,0,0,0,NO
SANTA FE,General López,Carmen,0,0,0,0,0,1,1,1,0,SI
SANTA FE,,Chovet,0,1,0,0,1,1,0,0,1,SI
SANTA FE,,Christophersen,0,0,0,1,1,0,0,1,0,SI
SANTA FE,,La Chispa,0,0,0,0,0,0,0,1,0,SI
SALTA,La Candelaria,El Tala,0,0,0,1,0,1,1,1,1,SI
SALTA,,La Candelaria,0,0,0,0,1,0,0,0,0,SI
SALTA,,Ampascachi,0,0,0,0,0,0,0,0,0,NO
SALTA,,La Viña,0,0,0,1,1,0,0,0,1,SI
SALTA,Los Andes,Santa Rosa de los Pastos Grandes,0,0,0,1,0,0,0,0,0,SI
SALTA,Metán,El Tunal,0,0,0,1,0,0,0,0,0,SI
SALTA,,Lumbreras,0,0,0,1,0,0,0,0,0,SI
SALTA,Grl. José de San Martín,Tranquitas,0,0,0,0,0,0,0,0,0,NO
SALTA,,Isla de Cañas,0,0,0,0,1,0,0,1,0,SI
SALTA,La Candelaria,El Jardín,0,0,0,1,0,0,1,0,0,SI
SALTA,,San José de Metán,1,1,0,1,1,1,0,0,1,SI
SALTA,,Molinos,1,0,0,1,1,0,0,1,0,SI
SALTA,Orán,Aguas Blancas,0,0,0,0,0,0,1,0,1,SI
SALTA,,La Misión,0,0,0,0,0,0,0,0,0,NO
SANTA FE,General López,María Teresa,0,1,0,0,0,1,1,1,0,SI
SANTA FE,,Miguel Torres,0,1,0,0,0,0,0,0,0,SI
SANTA FE,General López,San Francisco de Santa Fe,0,0,0,1,0,0,1,0,1,SI
SAN JUAN,,Colonia Fiscal,0,0,0,0,0,0,0,0,0,NO
SAN JUAN,Sarmiento,Guanacache,0,0,0,0,0,0,1,1,0,SI
SAN JUAN,,Los Berros,0,0,0,1,1,1,0,0,0,SI
SAN JUAN,Sarmiento,Pedernal,0,0,0,0,0,0,0,1,0,SI
SAN JUAN,,Astica,0,0,0,0,1,1,0,1,0,SI
SAN JUAN,Valle Fértil,Chucuma,0,0,0,0,0,1,0,0,0,SI
SAN LUIS,,Balde De Los Torres,0,0,0,0,0,0,0,0,0,NO
SAN LUIS,,Balde Del Carmen,0,0,0,0,0,0,0,0,0,NO
SAN LUIS,Ayacucho,Candelaria,0,0,0,0,0,0,1,0,0,SI
SAN LUIS,,El Vinagrillo,0,0,0,0,0,0,0,0,0,NO
SAN LUIS,,La Avenencia,0,0,0,0,0,0,0,0,0,NO
SAN LUIS,Ayacucho,La Botija,0,0,0,0,0,0,0,0,0,NO
SAN LUIS,Ayacucho,Las Lagunitas,0,0,0,0,0,0,0,0,0,NO
SAN LUIS,,Luján,0,0,0,0,0,0,0,1,0,SI
SAN LUIS,Ayacucho,Pozo Del Molle,0,0,0,0,0,0,0,0,0,NO
SAN LUIS,,Río Juan Gómez,0,0,0,0,0,0,0,0,0,NO
SAN LUIS,Ayacucho,Rodeo De Cadenas,0,0,0,0,0,0,0,0,0,NO
SAN LUIS,,Colonia Zubelzu,0,0,0,0,0,0,0,0,0,NO
SAN LUIS,Chacabuco,Cortaderas,0,0,0,1,0,1,1,1,0,SI
SAN LUIS,Chacabuco,El Recuerdo,0,0,0,0,0,0,0,0,0,NO
SAN LUIS,,La Celestina,0,0,0,0,0,0,0,0,0,NO
SAN LUIS,,Papagayos,0,0,0,0,0,0,0,1,0,SI
SAN LUIS,Chacabuco,Punta De La Loma,0,0,0,0,0,0,0,0,0,NO
SAN LUIS,,San Pablo,0,0,0,0,0,0,0,0,0,NO
SAN LUIS,Chacabuco,Villa del Carmen,0,0,0,0,0,0,1,1,0,SI
SAN LUIS,,San Ignacio,0,0,0,0,0,0,0,0,0,NO
SAN LUIS,Ayacucho,Santa Ana,0,0,0,0,0,0,0,0,0,NO
SAN LUIS,Ayacucho,Santo Domingo,0,0,0,0,0,0,0,0,0,NO
SAN LUIS,,Talita,0,0,0,0,0,0,0,0,0,NO
SAN LUIS,Belgrano,Estancia De Amieva,0,0,0,0,0,0,0,0,0,NO
SAN LUIS,Belgrano,Hualtaran,0,0,0,0,0,0,0,0,0,NO
SAN LUIS,,Los Molles,0,0,0,0,0,0,0,1,0,SI
SAN LUIS,Belgrano,Nogolí,0,0,0,1,0,0,1,1,0,SI
SAN LUIS,,Represa Del Carmen,0,0,0,0,0,0,0,0,0,NO
SAN LUIS,,San Antonio,0,0,0,0,0,0,0,0,0,NO
SAN LUIS,,Villa Larca,0,0,0,0,1,1,0,1,0,SI
SAN LUIS,Coronel Pringles,Carolina,0,0,0,0,0,0,1,1,0,SI
SAN LUIS,,Cerros Largos,0,0,0,0,0,0,0,0,0,NO
SAN LUIS,,El Baldecito,0,0,0,0,0,0,0,0,0,NO
SAN LUIS,,Eleodoro Lobos,0,0,0,0,1,1,0,0,0,SI
SAN LUIS,,Fraga,0,0,0,1,1,0,0,1,0,SI
SAN LUIS,Coronel Pringles,La Petra,0,0,0,0,0,0,0,0,0,NO
SAN LUIS,Coronel Pringles,Loma Alta,0,0,0,0,0,0,0,0,0,NO
SAN LUIS,,Pampa Del Tamboreo,0,0,0,0,0,0,0,0,0,NO
SAN LUIS,Coronel Pringles,Saladillo,0,0,0,1,0,1,0,0,0,SI
SAN LUIS,,Valle De Pancanta,0,0,0,0,0,0,0,0,0,NO
SAN LUIS,General Pedernera,Caldenadas,0,0,0,0,0,0,0,0,0,NO
SAN LUIS,,Dique Vulpiani,0,0,0,0,1,1,0,0,0,SI
SAN LUIS,,Justo Daract,1,0,0,0,1,1,0,1,0,SI
SAN LUIS,General Pedernera,La Angelina,0,0,0,0,0,0,0,0,0,NO
SAN LUIS,,Nación Ranquel,0,0,0,0,0,0,0,0,0,NO
SANTA FE,San Lorenzo,Fray Luis Beltrán,0,1,0,1,0,1,1,0,0,SI
SANTA FE,,Puerto General San Martín,0,0,0,1,1,1,0,1,1,SI
SANTA FE,San Lorenzo,Roldán,0,1,0,1,0,1,1,0,0,SI
SANTA FE,San Lorenzo,San Jerónimo Sud,0,1,0,1,0,1,1,0,0,SI
SANTA FE,General Obligado,La Isleta,0,0,0,0,0,0,0,0,0,NO
SANTA FE,,Lanteri,0,0,0,0,1,1,0,0,0,SI
SANTA FE,General Obligado,Malabrigo,0,1,0,0,0,1,1,0,0,SI
SAN LUIS,Junín,Talita,0,0,0,0,0,0,0,1,1,SI
SAN LUIS,La Capital,Alto Pencoso,0,0,0,1,0,0,0,1,0,SI
SAN LUIS,,Boca Del Tigre,0,0,0,0,0,0,0,0,1,SI
SAN LUIS,La Capital,Chosmes,0,0,0,0,0,1,0,0,0,SI
SAN LUIS,,Daniel Donovan,0,0,0,0,0,0,0,0,0,NO
SAN LUIS,La Capital,El Charabon,0,0,0,0,0,0,0,0,0,NO
SAN LUIS,,El Chorrillo,0,0,0,0,1,1,0,0,0,SI
SAN LUIS,La Capital,Juan W. Gez,0,0,0,0,0,0,0,0,0,NO
SALTA,,San Ramón de la Nueva Orán,1,1,0,1,1,1,0,0,1,SI
SALTA,Rivadavia,Coronel Juan Solá,0,0,0,1,0,1,1,1,0,SI
SALTA,Rivadavia,Los Blancos,0,0,0,0,0,0,0,1,0,SI
SALTA,,Rivadavia,0,0,0,1,1,0,0,0,0,SI
SALTA,Rosario de la Frontera,Antilla,0,0,0,1,0,0,0,0,1,SI
RIO NEGRO,,Naupa Huen,0,0,0,1,0,0,0,0,0,SI
RIO NEGRO,El Cuy,Valle Azul,0,0,0,0,0,0,1,1,1,SI
RIO NEGRO,General Roca,Bajo San Cayetano,0,0,0,0,0,1,0,1,0,SI
RIO NEGRO,,Barda del Medio,0,0,0,0,1,1,0,1,1,SI
RIO NEGRO,,Barrio Calle Ciega Nº6,0,0,0,0,0,0,0,0,0,NO
RIO NEGRO,,Barrio Costa Este,0,0,0,0,0,0,0,0,0,NO
RIO NEGRO,General Roca,Barrio Costa Oeste,0,0,0,0,0,1,0,0,0,SI
RIO NEGRO,,Barrio El Petróleo,0,0,0,0,0,0,0,0,0,NO
RIO NEGRO,,Barrio Goretti,0,0,0,0,0,0,0,0,0,NO
RIO NEGRO,,Prahuaniyeu,0,0,0,0,0,0,0,0,0,NO
RIO NEGRO,Adolfo Alsina,Bahía Creek,0,0,0,0,0,0,0,0,0,NO
RIO NEGRO,,Guardia Mitre,0,0,0,0,1,0,0,0,1,SI
RIO NEGRO,Adolfo Alsina,Loteo Costa de Río,0,0,0,0,0,0,0,0,0,NO
RIO NEGRO,,San Javier,0,0,0,0,0,0,0,0,1,SI
RIO NEGRO,Avellaneda,Chimpay,0,0,0,1,0,1,0,0,1,SI
RIO NEGRO,Avellaneda,Coronel Belisle,0,0,0,1,0,1,1,0,1,SI
RIO NEGRO,Avellaneda,Luis Beltrán,0,1,1,1,0,0,1,1,0,SI
RIO NEGRO,,Pomona,0,1,0,0,1,1,0,0,1,SI
RIO NEGRO,Bariloche,El Bolsón,0,1,0,1,0,1,1,0,1,SI
RIO NEGRO,General Roca,Barrio Guerrico,0,0,1,1,0,1,1,0,0,SI
RIO NEGRO,,Barrio La Costa,0,0,0,0,0,0,0,0,0,NO
RIO NEGRO,General Roca,Barrio La Lor,0,0,0,0,0,1,0,0,0,SI
RIO NEGRO,,Barrio Las Angustias,0,0,0,0,1,1,0,0,0,SI
RIO NEGRO,,Barrio Mar del Plata,0,0,0,0,0,0,0,1,0,SI
RIO NEGRO,General Roca,Barrio Norte (municipio de Cinco Saltos),0,0,0,0,0,0,0,0,0,NO
RIO NEGRO,General Roca,Barrio Pino Azul,0,0,0,0,0,1,0,0,0,SI
RIO NEGRO,,Barrio Presidente Perón,0,0,0,0,0,0,0,0,0,NO
RIO NEGRO,General Roca,Barrio Santa Lucia,0,0,0,0,0,0,0,1,0,SI
RIO NEGRO,General Roca,Barrio Santa Rita,0,0,0,0,0,0,0,0,0,NO
RIO NEGRO,General Roca,Cinco Saltos,0,0,1,1,0,1,1,0,1,SI
RIO NEGRO,,General Enrique Godoy,0,0,0,1,1,1,0,0,1,SI
RIO NEGRO,General Roca,Ingeniero Otto Krause,0,0,0,0,0,0,0,0,0,NO
RIO NEGRO,,Puente Cero,0,0,0,0,1,1,0,1,0,SI
RIO NEGRO,,Villa Alberdi,0,0,0,0,0,0,0,1,0,SI
RIO NEGRO,General Roca,Villa del Parque,0,0,0,0,0,0,0,1,0,SI
RIO NEGRO,,Las Bayas,0,0,0,0,0,0,0,0,0,NO
RIO NEGRO,Pichi Mahuida,Pichi Mahuida,0,0,0,0,0,0,0,0,0,NO
RIO NEGRO,,Comallo,0,0,0,1,1,0,0,0,1,SI
RIO NEGRO,,Paso Flores,0,0,0,0,0,0,0,0,1,SI
RIO NEGRO,Pilcaniyeu,Pilcaniyeu,0,0,0,0,0,0,0,0,0,NO
RIO NEGRO,,Las Grutas,1,0,0,1,1,1,0,0,1,SI
SAN JUAN,Chimbas,Chimbas,0,0,1,1,0,1,1,0,0,SI
SAN JUAN,Iglesia,Angualasto,0,0,0,0,0,0,0,1,0,SI
SAN JUAN,,Bella Vista,0,0,0,0,0,0,0,0,1,SI
SAN JUAN,,Pismanta,0,0,0,0,0,0,0,1,0,SI
SAN JUAN,,El Fical,0,0,0,0,0,0,0,0,0,NO
SAN JUAN,Jáchal,El Médano,0,0,0,0,0,0,0,0,0,NO
SAN JUAN,,La Falda,0,0,0,0,0,0,0,0,0,NO
SAN JUAN,,Mogna,0,0,0,0,0,0,0,1,0,SI
RIO NEGRO,,Punta Colorada,0,0,0,0,0,0,0,0,0,NO
RIO NEGRO,Valcheta,Aguada Cecilio,0,0,0,1,0,0,0,0,0,SI
RIO NEGRO,Valcheta,Arroyo Los Berros,0,0,0,0,0,0,0,0,1,SI
RIO NEGRO,,Sierra Pailemán,0,0,0,0,0,0,0,0,1,SI
SALTA,Anta,Coronel Mollinedo,0,0,0,0,0,0,0,1,0,SI
SALTA,Capital,Atocha,0,0,0,1,0,0,0,0,0,SI
SALTA,,El Tipal - La Almudena,0,0,0,0,1,1,0,1,0,SI
SALTA,Capital,Villa San Lorenzo,0,1,0,1,0,1,1,1,0,SI
SALTA,,Barrio Los Pinares,1,0,0,1,0,0,0,1,0,SI
SALTA,Grl. José de San Martín,Misión Tierras Fiscales,0,0,0,0,0,0,0,0,0,NO
SALTA,,San Agustín,0,0,0,0,0,0,0,1,0,SI
SALTA,Chicoana,Barrio Finca La Maroma,0,0,0,1,0,0,0,0,0,SI
SALTA,,El Carril,1,0,0,1,1,1,0,1,1,SI
SALTA,,El Bordo,0,0,0,1,0,0,0,0,0,SI
SAN JUAN,,Campo Afuera,0,0,0,0,0,0,0,0,0,NO
SAN JUAN,25 de Mayo,El Encón,0,0,0,0,0,0,0,0,0,NO
SAN JUAN,,Villa Borjas - La Chimbera,0,0,0,0,0,0,0,0,0,NO
SAN JUAN,25 de Mayo,Villa Santa Rosa,0,0,0,0,0,1,1,1,0,SI
SAN JUAN,Albardón,El Rincón,0,0,1,0,0,1,1,1,0,SI
SAN JUAN,,Villa General San Martín - Campo Afuera,0,0,0,0,0,0,0,1,0,SI
SAN JUAN,Angaco,Villa El Salvador,0,0,0,0,0,0,0,0,0,NO
SAN JUAN,,Calingasta,0,0,0,0,0,1,0,0,1,SI
SAN JUAN,,San Juan,1,1,0,0,1,1,0,1,0,SI
SAN JUAN,Caucete,Barrio Justo P. Castro IV,0,0,0,0,0,0,0,0,0,NO
SAN JUAN,,Marayes,0,0,0,0,0,0,0,0,0,NO
SAN JUAN,,Pie de Palo,0,0,0,0,1,0,0,0,0,SI
SALTA,Rosario de la Frontera,Rosario de la Frontera,0,1,0,1,0,1,1,1,0,SI
SALTA,Rosario de Lerma,Rosario de Lerma,0,1,0,1,0,1,1,0,1,SI
SALTA,,San Carlos,0,0,0,1,1,0,0,1,1,SI
MISIONES,Leandro N. Alem,Almafuerte,0,0,0,0,0,0,0,1,0,SI
MISIONES,Leandro N. Alem,Arroyo del Medio,0,0,0,0,0,0,0,1,0,SI
MISIONES,,Dos Arroyos,0,0,0,1,1,0,0,0,0,SI
MISIONES,Leandro N. Alem,Olegario V. Andrade,0,0,0,0,0,0,0,1,0,SI
MISIONES,,Capioví,1,1,0,0,1,1,0,1,1,SI
MISIONES,,Capioviciño,0,0,0,0,0,0,0,0,0,NO
MENDOZA,,Jaime Prats,0,0,0,0,0,0,0,1,0,SI
MENDOZA,San Rafael,Las Malvinas,0,0,0,0,0,0,1,1,0,SI
MENDOZA,,Los Reyunos,0,0,0,0,1,0,0,0,0,SI
MENDOZA,,Punta del Agua,0,0,0,1,0,0,0,0,0,SI
MENDOZA,,Salto de Las Rosas,0,0,0,0,1,1,0,0,0,SI
MENDOZA,,Villa Atuel,0,0,0,0,1,1,0,1,0,SI
MENDOZA,San Martín,Tres Porteñas,0,0,0,1,0,1,1,0,0,SI
MENDOZA,,Barrio El Nevado,0,0,0,0,0,0,0,0,0,NO
MENDOZA,San Rafael,Barrio Intendencia,0,0,0,0,0,1,0,0,0,SI
MENDOZA,San Rafael,Capitán Montoya,0,0,0,0,0,1,0,1,0,SI
MENDOZA,,El Sosneado,0,0,0,0,0,0,0,0,0,NO
MENDOZA,Tupungato,La Arboleda,0,0,0,0,0,0,0,1,0,SI
MENDOZA,Tupungato,Villa Bastias,0,0,0,0,0,0,0,0,0,NO
MISIONES,,Colonia Alicia,0,0,0,0,1,0,0,1,0,SI
MISIONES,25 de Mayo,Colonia Aurora,0,0,0,0,0,0,1,0,1,SI
MISIONES,,Santa Rita,0,0,0,1,1,0,0,1,1,SI
MISIONES,Apóstoles,Azara,0,1,0,0,0,1,1,1,1,SI
MISIONES,,Aristóbulo del Valle,1,1,0,1,1,1,0,0,1,SI
MISIONES,,Kilómetro 17,0,0,0,0,0,0,0,0,0,NO
MISIONES,,Nucleo Ii,0,0,0,0,1,0,0,0,0,SI
MISIONES,Cainguás,Pueblo Illia,0,0,0,0,0,0,0,0,0,NO
MISIONES,Candelaria,Bonpland,0,0,0,0,0,0,1,0,0,SI
MISIONES,Candelaria,Loreto,0,0,0,0,0,0,0,0,0,NO
MISIONES,,Profundidad,0,0,0,0,0,0,0,0,0,NO
MISIONES,Candelaria,Santa Ana,0,0,0,0,0,0,1,0,0,SI
MISIONES,Capital,Barrio Nuevo Garupa,0,0,0,0,0,0,0,0,0,NO
MISIONES,Concepción,Barra Concepción,0,0,0,0,0,0,0,0,0,NO
MISIONES,Concepción,Concepción de la Sierra,0,1,0,1,0,0,1,1,0,SI
MISIONES,,9 de Julio,0,0,0,0,0,0,0,0,0,NO
MISIONES,Eldorado,María Magdalena,0,0,0,0,0,0,1,0,0,SI
MISIONES,,San Gotardo,0,0,0,0,1,0,0,0,0,SI
MISIONES,Montecarlo,Bario Ita,0,0,0,0,0,0,0,0,0,NO
MISIONES,,Barrio Guatambu,0,0,0,0,0,0,0,0,0,NO
MISIONES,,Montecarlo,1,1,0,1,1,1,0,0,0,SI
MISIONES,Montecarlo,Villa Parodi,0,0,0,0,0,0,0,0,0,NO
MISIONES,,Alberdi,0,0,0,1,1,1,0,1,0,SI
MISIONES,Oberá,Barrio Escuela 633,0,0,0,0,0,1,0,0,0,SI
MISIONES,,Campo Viera,0,0,0,1,1,0,0,0,0,SI
MISIONES,Oberá,Los Helechos,0,0,0,1,0,0,0,0,0,SI
MISIONES,,Panambi Kilómetro 15,0,0,0,0,1,0,0,0,0,SI
MISIONES,Oberá,San Martín,0,0,0,1,0,0,1,0,0,SI
MISIONES,,Colonia Polana,0,0,0,0,1,0,0,1,0,SI
MISIONES,San Ignacio,Helvecia,0,0,0,0,0,0,0,0,0,NO
MISIONES,,Florentino Ameghino,0,0,0,0,0,0,0,0,0,NO
MISIONES,,Itacaruaré,0,1,0,0,1,1,0,0,0,SI
MISIONES,San Pedro,Cruce Caballero,0,0,0,1,0,0,0,0,0,SI
MISIONES,,San Pedro,0,1,0,1,1,1,0,1,0,SI
NEUQUEN,Aluminé,Villa Pehuenia,0,0,1,0,0,0,1,1,0,SI
NEUQUEN,Chos Malal,Chos Malal,0,0,1,1,0,1,1,1,0,SI
NEUQUEN,,Villa del Curi Leuvú,0,0,0,0,0,0,0,0,0,NO
NEUQUEN,Confluencia,Neuquén,0,1,1,1,0,0,1,1,1,SI
NEUQUEN,Confluencia,Senillosa,0,0,0,1,0,1,1,1,1,SI
NEUQUEN,Confluencia,Vista Alegre Sur,0,0,0,1,0,0,1,0,1,SI
MENDOZA,Luján de Cuyo,MAYOR DRUMMOND,0,0,0,1,0,1,0,1,0,SI
MENDOZA,,Ugarteche,0,0,0,1,1,1,0,1,0,SI
MENDOZA,Luján de Cuyo,VISTALBA,0,0,0,1,0,0,0,0,0,SI
MENDOZA,,Barrio Jesús de Nazaret,0,0,0,0,0,0,0,1,0,SI
MENDOZA,Maipú,Cruz de Piedra,0,0,0,1,0,1,1,1,0,SI
NEUQUEN,,11 de Octubre,1,0,0,1,1,1,0,0,0,SI
NEUQUEN,Confluencia,Arroyito,0,0,0,0,0,1,0,1,0,SI
NEUQUEN,,Centenario,1,1,0,1,1,1,0,0,1,SI
NEUQUEN,,El Chocón,0,0,0,0,0,0,0,0,1,SI
JUJUY,SANTA BARBARA,El Piquete,0,0,0,0,0,0,1,1,0,SI
JUJUY,SANTA BARBARA,El Talar,0,0,0,0,0,0,1,1,1,SI
JUJUY,Santa Catalina,Casira,0,0,0,1,0,0,0,0,0,SI
JUJUY,,Cieneguillas,0,0,0,1,0,0,0,0,0,SI
JUJUY,Santa Catalina,Misarrumi,0,0,0,0,0,0,0,0,0,NO
JUJUY,Santa Catalina,San Juan de Oros,0,0,0,0,0,0,0,0,0,NO
JUJUY,,Coranzuli,0,0,0,1,0,0,0,0,0,SI
JUJUY,,Jama,0,0,0,1,0,0,0,0,0,SI
LA PAMPA,Realicó,Embajador Martini,0,0,0,1,0,0,1,1,1,SI
LA PAMPA,,Toay,1,1,0,1,1,1,0,1,1,SI
LA PAMPA,,Arata,0,0,0,0,1,1,0,1,1,SI
LA PAMPA,Utracán,Ataliva Roca,0,0,0,1,0,1,1,0,1,SI
LA PAMPA,,Quehué,0,0,0,1,0,0,0,0,1,SI
LA RIOJA,Arauco,Bañado de los Pantanos,0,0,0,0,0,0,0,0,0,NO
LA RIOJA,Arauco,San Antonio,0,0,0,0,0,0,0,0,0,NO
LA RIOJA,,Villa Mazán,0,0,0,0,0,0,0,1,0,SI
LA RIOJA,Castro Barros,Anillaco,0,1,0,1,0,0,1,0,0,SI
LA RIOJA,,Los Molinos,0,1,0,0,0,0,0,1,0,SI
LA RIOJA,Castro Barros,San Pedro,0,1,0,0,0,0,1,1,0,SI
LA RIOJA,,Anguinan,0,0,0,0,0,0,0,0,0,NO
LA RIOJA,Chilecito,Colonia Malligasta,0,0,0,0,0,0,0,0,0,NO
LA RIOJA,,Guanchín,0,0,0,0,0,0,0,0,0,NO
LA RIOJA,Chilecito,Los Sarmientos,0,0,0,0,0,0,0,0,0,NO
LA RIOJA,,Malligasta,0,0,0,0,0,0,0,1,0,SI
LA RIOJA,Chilecito,San Nicolás,0,0,0,0,0,0,0,0,0,NO
LA RIOJA,Coronel Felipe Varela,Los Palacios,0,0,0,0,0,0,0,1,0,SI
JUJUY,San Antonio,Loteo Navea,0,0,0,1,0,0,0,0,0,SI
JUJUY,,Arrayanal,0,0,0,0,0,0,0,0,0,NO
JUJUY,San Pedro,El Quemado,0,0,0,0,0,0,0,0,0,NO
JUJUY,San Pedro,La Mendieta,0,0,0,0,0,1,1,1,0,SI
JUJUY,,Miraflores,0,0,0,0,0,0,0,0,0,NO
JUJUY,San Pedro,Rosario de Río Grande,0,0,0,0,0,0,0,1,0,SI
JUJUY,,Sauzal,0,0,0,0,0,0,0,0,0,NO
JUJUY,SANTA BARBARA,El Fuerte,0,0,0,0,0,0,0,0,1,SI
SALTA,,Aguaray,1,1,0,1,1,0,0,0,1,SI
SALTA,Grl. José de San Martín,Campichuelo,0,0,0,0,0,0,0,0,0,NO
SALTA,,Coronel Cornejo,1,0,0,1,1,0,0,0,0,SI
SALTA,Grl. José de San Martín,General Ballivián,0,0,0,1,0,0,0,0,1,SI
SALTA,,Hickman,0,0,0,0,1,0,0,0,0,SI
SALTA,,Misión Chaqueña,0,0,0,0,1,0,0,0,0,SI
MENDOZA,Guaymallén,BUENA NUEVA,0,0,0,1,0,1,0,0,0,SI
MENDOZA,,DORREGO,0,0,0,1,1,1,0,0,0,SI
MENDOZA,Guaymallén,GENERAL BELGRANO,0,0,0,0,0,1,0,0,0,SI
MENDOZA,,JESUS NAZARENO,0,0,0,1,1,1,0,0,0,SI
MENDOZA,Guaymallén,KILOMETRO 11 (GUAYMALLEN),0,0,0,0,0,0,0,0,0,NO
MENDOZA,,Panquehua,0,0,0,1,1,1,0,0,0,SI
MENDOZA,Las Heras,Punta de Vacas,0,0,0,0,0,0,0,0,0,NO
MENDOZA,,3 de Mayo,0,0,0,0,1,0,0,1,0,SI
MENDOZA,,Barrio Alto del Olvido,0,0,0,0,0,0,0,0,0,NO
MENDOZA,,Barrio Lagunas de Bartoluzzi,0,0,0,0,0,0,0,0,0,NO
MENDOZA,Lavalle,Barrio Los Olivos,0,0,0,0,0,0,1,0,0,SI
MENDOZA,,El Vergel,0,0,0,0,0,0,0,1,0,SI
MENDOZA,,Jocolí Viejo,0,0,0,0,0,0,0,1,0,SI
MENDOZA,Luján de Cuyo,Cacheuta,0,0,0,0,0,1,1,1,0,SI
MENDOZA,Luján de Cuyo,Costa Flores,0,0,0,1,0,0,0,1,0,SI
MENDOZA,,El Carmelo,0,0,0,0,0,0,0,0,0,NO
MENDOZA,Luján de Cuyo,Los Manantiales,0,0,0,0,0,1,0,0,0,SI
MENDOZA,,SAN FRANCISCO DEL MONTE,0,0,0,1,1,1,0,0,0,SI
MENDOZA,Junín,Ingeniero Giagnoni,0,0,1,1,0,1,1,1,0,SI
MENDOZA,,Junín,1,0,0,1,1,1,0,1,0,SI
MENDOZA,Junín,Phillips,0,0,0,0,0,0,1,1,0,SI
MENDOZA,,Desaguadero,0,0,0,0,1,1,0,0,0,SI
MENDOZA,La Paz,Villa Antigua,0,0,0,0,0,0,0,0,0,NO
MENDOZA,,El Algarrobal,0,0,0,1,1,1,0,0,0,SI
MENDOZA,Las Heras,EL RESGUARDO,0,0,0,1,0,1,0,0,0,SI
MENDOZA,Las Heras,Los Penitentes,0,0,0,0,0,0,0,0,0,NO
NEUQUEN,,El Huecú,0,0,0,0,1,0,0,1,0,SI
NEUQUEN,Pehuenches,Rincón de los Sauces,0,1,1,1,0,1,1,1,1,SI
NEUQUEN,Picún Leufú,Picún Leufú,0,0,0,0,0,0,1,1,1,SI
NEUQUEN,,Bajada del Agrio,0,0,0,0,1,0,0,0,0,SI
MENDOZA,Maipú,Fray Luis Beltrán,0,1,1,1,0,1,1,0,0,SI
MENDOZA,,Rodeo del Medio,1,0,0,1,1,1,0,1,0,SI
MENDOZA,,Villa Teresa,0,0,0,0,0,0,0,0,0,NO
MENDOZA,Malargüe,Bardas Blancas,0,0,0,0,0,0,1,0,0,SI
LA RIOJA,,Santa Clara,0,0,0,0,0,0,0,0,0,NO
LA RIOJA,,Villa Unión,0,1,0,1,1,0,0,1,0,SI
LA RIOJA,,Campanas,0,0,0,1,1,0,0,1,0,SI
LA RIOJA,,Famatina,1,1,0,1,1,1,0,1,0,SI
LA RIOJA,Famatina,La Cuadra,0,0,0,0,0,0,0,1,0,SI
LA RIOJA,,Santo Domingo,0,0,0,0,0,0,0,0,0,NO
LA RIOJA,,Chañar,1,0,0,0,0,1,0,1,0,SI
FORMOSA,Patiño,Colonia Sarmiento,0,0,0,0,0,0,0,0,0,NO
FORMOSA,,Fortín Cabo 1º Lugones,0,0,0,0,1,0,0,0,0,SI
FORMOSA,Patiño,Ibarreta,0,0,0,0,0,1,1,1,1,SI
FORMOSA,Patiño,Juan G. Bazán,0,0,0,0,0,0,0,0,0,NO
FORMOSA,,San Martín I,0,0,0,0,0,0,0,1,0,SI
FORMOSA,Pilcomayo,Laguna Naick-Neck,0,0,0,0,0,0,1,1,0,SI
FORMOSA,,Puerto Pilcomayo,0,0,0,0,0,0,0,0,0,NO
FORMOSA,Pilcomayo,Riacho Negro,0,0,0,0,0,0,0,1,0,SI
FORMOSA,,Palo Santo,0,1,0,0,1,1,0,1,0,SI
FORMOSA,Pirané,Pirané,0,0,0,1,0,1,0,1,1,SI
FORMOSA,,El Potrillo,0,0,0,0,0,0,0,1,0,SI
ENTRE RIOS,,Hernández,1,0,0,0,1,1,0,0,1,SI
ENTRE RIOS,Paraná,Aldea María Luisa,0,0,0,0,0,0,1,0,0,SI
ENTRE RIOS,Paraná,Cerrito,0,1,0,0,0,1,1,0,1,SI
ENTRE RIOS,,Colonia Crespo,0,0,0,0,0,0,0,0,0,NO
ENTRE RIOS,Paraná,Colonia Merou,0,0,0,0,0,0,0,0,0,NO
ENTRE RIOS,Paraná,El Palenque,0,0,0,0,0,0,1,1,0,SI
ENTRE RIOS,Diamante,Las Jaulas,0,0,0,0,0,0,0,0,0,NO
ENTRE RIOS,Diamante,Strobel,0,1,0,0,0,1,0,0,0,SI
ENTRE RIOS,,Villa Libertador San Martín,1,0,0,0,1,1,0,1,0,SI
ENTRE RIOS,Federación,Colonia La Argentina,0,0,0,0,0,1,1,1,0,SI
JUJUY,,Abdón Castro Tolay,0,0,0,0,0,0,0,0,0,NO
JUJUY,Cochinoca,Casabindo,0,0,0,0,0,0,0,0,0,NO
JUJUY,,La Redonda,0,0,0,0,0,0,0,0,0,NO
JUJUY,,Puesto del Marquéz,0,0,0,1,1,0,0,0,0,SI
JUJUY,Cochinoca,San Francisco de Alfarcito,0,0,0,0,0,0,0,0,0,NO
JUJUY,,Tambillos,0,0,0,0,0,0,0,0,0,NO
JUJUY,Doctor Manuel Belgrano,Dr. Manuel Belgrano,0,0,0,1,0,0,0,0,1,SI
JUJUY,,La Almona,0,1,0,1,0,0,0,0,0,SI
JUJUY,Doctor Manuel Belgrano,San Pablo De Reyes,0,0,0,0,0,0,0,0,0,NO
JUJUY,El Carmen,Aguas Calientes,0,0,0,0,0,0,0,1,0,SI
JUJUY,,Los Lapachos (Est. Maquinista Verón),0,0,0,0,1,1,0,0,0,SI
JUJUY,,Loteo San Vicente,0,0,0,0,1,0,0,0,0,SI
JUJUY,El Carmen,Pampa Blanca,0,1,0,0,0,1,1,1,0,SI
JUJUY,,Pumahuasi,0,0,0,1,1,0,0,0,0,SI
JUJUY,,Yavi Chico,0,0,0,1,0,0,0,0,0,SI
LA PAMPA,Atreucó,Doblas,0,1,0,1,0,0,1,0,1,SI
LA PAMPA,,Anzoategui,0,0,0,0,0,0,0,0,0,NO
JUJUY,Susques,Pastos Chicos,0,0,0,1,0,0,0,0,0,SI
JUJUY,Susques,Susques,0,0,0,1,0,0,1,0,1,SI
JUJUY,,Huacalera,0,0,0,1,0,0,0,0,0,SI
JUJUY,Tilcara,Tilcara,0,0,0,1,0,0,1,1,1,SI
JUJUY,Tilcara,Yacoraite,0,0,0,0,0,0,0,0,0,NO
JUJUY,Tumbaya,Tumbaya,0,0,0,0,0,0,1,1,0,SI
JUJUY,Valle Grande,Caspalá,0,0,0,0,0,0,0,0,0,NO
ENTRE RIOS,,El Pingo,0,0,0,0,1,1,0,1,0,SI
ENTRE RIOS,Paraná,El Ramblón,0,0,0,0,0,0,0,0,0,NO
ENTRE RIOS,,Hasenkamp,0,1,0,1,1,1,0,0,1,SI
ENTRE RIOS,Paraná,La Picada,0,0,0,1,0,1,1,0,0,SI
ENTRE RIOS,,Paraná,1,1,0,1,1,1,0,1,0,SI
NEUQUEN,,Mariano Moreno,1,0,0,0,0,0,0,1,0,SI
NEUQUEN,,Zapala,1,0,0,1,1,1,0,1,1,SI
RIO NEGRO,25 de Mayo,Aguada de Guerra,0,0,0,0,0,0,0,1,0,SI
RIO NEGRO,25 de Mayo,El Caín,0,0,0,0,0,0,1,0,1,SI
RIO NEGRO,25 de Mayo,Maquinchao,0,0,0,0,0,0,1,0,1,SI
RIO NEGRO,,Pilquiniyeu,0,0,0,0,0,0,0,0,0,NO
RIO NEGRO,9 de Julio,Ministro Ramos Mexía,0,0,0,1,0,0,0,0,1,SI
LA PAMPA,Guatraché,General Manuel J. Campos,0,0,0,1,0,0,1,0,0,SI
LA PAMPA,Hucal,Bernasconi,0,0,0,1,0,1,1,1,1,SI
LA PAMPA,,Cuchillo Co,0,0,0,1,1,0,0,0,0,SI
LA PAMPA,Loventué,Loventué,0,0,0,1,0,0,1,0,0,SI
LA PAMPA,,Dorila,0,0,0,1,0,0,0,0,0,SI
LA PAMPA,,Trebolares,0,0,0,0,0,0,0,0,0,NO
LA PAMPA,Puelén,25 de Mayo,0,0,0,1,0,1,1,1,0,SI
LA PAMPA,,Colonia San José,0,0,0,0,0,0,0,0,0,NO
MENDOZA,San Carlos,Chilecito,0,0,0,0,0,1,0,0,0,SI
MENDOZA,,Pareditas,0,0,0,1,1,1,0,1,0,SI
MENDOZA,San Martín,Alto Salvador,0,0,0,1,0,0,0,0,0,SI
MENDOZA,,Barrio Chivilcoy,0,0,0,0,0,0,0,0,0,NO
MENDOZA,San Martín,Barrio Ntra. Sra. De Fátima,0,0,0,0,0,1,0,0,0,SI
MENDOZA,San Martín,El Espino,0,0,0,0,0,0,0,1,0,SI
MENDOZA,San Martín,Nueva California,0,0,0,0,0,0,0,0,0,NO
MENDOZA,,El Zampal,0,0,0,0,1,0,0,0,0,SI
MENDOZA,Santa Rosa,Barrio Molina Cabrera,0,0,0,0,0,0,0,0,0,NO
MENDOZA,,Las Catitas,0,0,0,0,1,1,0,1,0,SI
MENDOZA,,El Manzano,0,0,0,0,1,1,0,0,0,SI
MENDOZA,Tupungato,Barrio Belgrano Norte,0,0,0,0,0,0,0,0,0,NO
MENDOZA,,El Peral,0,0,0,0,0,0,0,0,0,NO
CORDOBA,San Justo,Miramar,0,1,0,0,0,1,1,1,0,SI
CORDOBA,,Porteña,1,0,0,1,1,1,0,1,0,SI
CORDOBA,San Justo,Seeber,0,0,0,0,0,0,0,0,0,NO
CORDOBA,San Justo,Toro Pujio,0,0,0,0,0,0,1,0,0,SI
CORDOBA,,Villa Concepción del Tío,0,1,0,0,1,1,0,0,0,SI
CORDOBA,Santa María,Alta Gracia,0,1,0,1,0,1,1,0,0,SI
CORDOBA,,Barrio Villa del Parque,0,0,0,0,0,0,0,0,0,NO
CORDOBA,Santa María,Caseros Centro,0,0,0,0,0,0,0,0,0,NO
CORDOBA,,Costa Azul,0,0,0,0,1,1,0,0,0,SI
CORDOBA,Río Primero,Plaza de Mercedes,0,0,0,0,0,0,0,0,0,NO
CORDOBA,,Santa Rosa de Río Primero,1,0,0,1,1,1,0,1,0,SI
CORDOBA,Río Primero,Villa Fontana,0,0,0,1,0,0,1,1,0,SI
CORDOBA,,Chañar Viejo,0,0,0,0,0,0,0,0,0,NO
CORDOBA,,La Rinconada,0,0,0,0,1,0,0,0,0,SI
CORDOBA,Río Seco,Los Hoyos,0,0,0,0,0,0,0,0,0,NO
CORDOBA,,Santa Elena,0,0,0,0,1,0,0,0,0,SI
CORDOBA,San Justo,Colonia Anita,0,0,0,0,0,0,0,0,0,NO
CORDOBA,,Colonia Prosperidad,0,0,0,0,1,0,0,0,0,SI
CORDOBA,San Justo,Colonia San Pedro,0,0,0,0,0,0,0,0,0,NO
CORDOBA,San Justo,Colonia Valtelina,0,0,0,0,0,0,0,0,0,NO
CORDOBA,,Parque Calmayo,0,0,0,0,0,0,0,0,0,NO
CORDOBA,,San Ignacio (Loteo San Javier),0,0,0,0,0,0,0,1,0,SI
CORDOBA,Calamuchita,Santa Monica,0,0,0,0,0,0,0,0,0,NO
CORDOBA,,Solar de los Molinos,0,0,0,0,0,0,0,0,0,NO
CORDOBA,,Villa Alpina,0,0,0,0,0,0,0,1,0,SI
CORDOBA,,Villa Ciudad Parque Los Reartes (3a. Sección),0,0,0,0,0,0,0,1,0,SI
CORDOBA,San Justo,El Fuertecito,0,0,0,0,0,0,1,1,0,SI
CORDOBA,,La Francia,1,0,0,1,1,1,0,1,0,SI
JUJUY,Ledesma,Maíz Negro,0,0,0,0,0,0,0,0,0,NO
JUJUY,Ledesma,Yuto,0,0,0,0,0,1,0,1,0,SI
JUJUY,,Carahunco,1,0,0,0,0,0,0,0,1,SI
JUJUY,Palpalá,Rio Blanco,0,0,0,0,0,0,0,0,0,NO
JUJUY,,Lagunillas de Farallón,0,0,0,1,0,0,0,0,0,SI
JUJUY,Rinconada,Orosmayo,0,0,0,1,0,0,0,0,0,SI
JUJUY,El Carmen,Puesto Viejo,0,0,0,0,0,1,1,0,1,SI
JUJUY,,San Isidro,0,0,0,0,0,0,0,0,0,NO
JUJUY,Humahuaca,Coctaca,0,0,0,0,0,0,0,0,0,NO
JUJUY,,Hipólito Yrigoyen (Est. Iturbe),0,0,0,1,0,0,0,0,0,SI
JUJUY,Humahuaca,Rodero,0,0,0,0,0,0,0,0,0,NO
JUJUY,Ledesma,Bananal,0,0,0,0,0,0,0,0,0,NO
JUJUY,,Bermejito,0,0,0,0,0,0,0,0,0,NO
CORRIENTES,Capital,Riachuelo,0,0,0,0,0,1,1,0,1,SI
CORRIENTES,,Tabay,0,0,0,0,1,0,0,0,1,SI
CORRIENTES,Curuzú Cuatiá,Curuzú Cuatiá,0,0,0,1,0,1,1,0,1,SI
CORRIENTES,,Empedrado,1,1,0,0,1,1,0,1,0,SI
CORDOBA,,Monte Buey,1,0,0,0,1,1,0,0,0,SI
CORDOBA,,Ciénaga del Coro,0,0,0,1,1,0,0,0,0,SI
CORDOBA,Minas,Estancia de Guadalupe,0,0,0,0,0,0,1,1,0,SI
CORDOBA,,Talaini,0,0,0,0,0,0,0,1,0,SI
CORDOBA,,Las Palmas,0,0,0,0,0,0,0,1,0,SI
CORRIENTES,Esquina,Esquina,0,0,0,1,0,1,1,1,1,SI
CORRIENTES,,Itá Ibaté,1,1,0,0,1,1,0,1,0,SI
CORRIENTES,General Paz,Nuestra Señora del Rosario de Caá Catí,0,1,0,0,0,0,1,0,0,SI
CORRIENTES,,Colonia Carolina,0,0,0,0,1,1,0,1,0,SI
CORRIENTES,Goya,Goya,0,1,0,1,0,1,1,0,1,SI
CORDOBA,,La Cesira,1,0,0,1,1,1,0,0,1,SI
CORDOBA,Presidente Roque Sáenz Peña,Rosales,0,0,0,0,0,1,1,0,0,SI
CORDOBA,,Barrio Santa Isabel,0,0,0,0,0,0,0,0,0,NO
CORDOBA,Punilla,Bialet Massé,0,0,0,1,0,1,1,1,0,SI
CORDOBA,,Lucio V. Mansilla,0,0,0,0,1,1,0,0,0,SI
CORDOBA,Tulumba,San José de la Dormida,0,0,0,0,0,1,1,1,0,SI
CORDOBA,,Aldea Santa María,0,0,0,0,0,0,0,0,0,NO
CORDOBA,Unión,Ballesteros,0,0,0,1,0,0,1,0,0,SI
CORDOBA,,Bell Ville,1,1,0,1,1,1,0,0,0,SI
CORRIENTES,,Colonia Liebig's,0,1,0,0,1,1,0,0,1,SI
CORRIENTES,Ituzaingó,Ituzaingó,0,0,0,0,0,0,1,0,1,SI
CORRIENTES,Ituzaingó,Villa Olivari,0,0,0,0,0,1,0,1,1,SI
CORRIENTES,Lavalle,Lavalle,0,0,0,0,0,1,1,0,1,SI
CORRIENTES,,Villa Córdoba,0,0,0,0,0,0,0,0,0,NO
CORRIENTES,Mercedes,Mariano I. Loza (Est. Justino Solari),0,0,0,0,0,0,1,1,0,SI
CORRIENTES,Monte Caseros,Mocoretá,0,0,0,1,0,1,1,1,0,SI
CORRIENTES,,Bonpland,0,0,0,0,1,0,0,1,0,SI
ENTRE RIOS,Federación,San Pedro,0,0,0,1,0,0,0,1,0,SI
ENTRE RIOS,,Santa Ana,0,1,0,1,1,1,0,0,0,SI
ENTRE RIOS,Federal,Conscripto Bernardi,0,0,0,0,0,0,1,1,0,SI
ENTRE RIOS,,El Cimarrón,0,0,0,0,0,0,0,1,0,SI
ENTRE RIOS,Feliciano,San José de Feliciano,0,0,0,0,0,1,1,0,1,SI
ENTRE RIOS,,Aldea Asunción,0,0,0,0,0,0,0,0,0,NO
ENTRE RIOS,,Villa Paranacito,0,1,0,0,1,1,0,0,0,SI
ENTRE RIOS,La Paz,La Paz,0,1,0,1,0,1,1,1,0,SI
ENTRE RIOS,La Paz,San Gustavo,0,0,0,1,0,1,1,0,0,SI
ENTRE RIOS,,Sir Leonard,0,0,0,0,0,0,0,0,0,NO
ENTRE RIOS,Nogoyá,Febré,0,0,0,0,0,0,0,1,0,SI
CORDOBA,,Villa El Tala,0,0,0,0,0,0,0,0,0,NO
CORDOBA,Calamuchita,Villa La Rivera,0,0,0,0,0,0,0,0,0,NO
CABA,,CHACARITA,1,1,0,1,1,1,0,1,0,SI
CORDOBA,,Calchín Oeste,0,0,0,0,1,1,0,0,0,SI
CORDOBA,Río Segundo,Capilla del Carmen,0,1,0,0,0,0,1,1,0,SI
CORDOBA,,Colonia Bremen,0,0,0,0,0,0,0,0,0,NO
CORDOBA,Capital,Jardín Arenales,0,0,0,0,0,1,0,0,0,SI
CORDOBA,,Agua de Oro,1,0,0,1,1,1,0,0,0,SI
CORDOBA,Colón,Barrio Nuevo Río Ceballos,0,0,0,0,0,0,0,0,0,NO
CORDOBA,Colón,Canteras El Sauce,0,0,0,0,0,0,0,0,0,NO
CORDOBA,Río Segundo,Costasacate,0,0,0,1,0,1,1,0,0,SI
CORDOBA,,Laguna Larga,1,0,0,1,1,1,0,1,0,SI
CORDOBA,Río Segundo,Las Junturas,0,0,0,1,0,1,1,0,1,SI
CORDOBA,Río Segundo,Manfredi,0,0,0,1,0,1,1,0,0,SI
CORDOBA,Colón,Colonia Caroya,0,1,0,1,0,1,1,1,0,SI
CORDOBA,Colón,Colonia Vicente Agüero,0,0,0,0,0,0,1,0,0,SI
CORDOBA,,El Diquecito,0,0,0,0,1,0,0,0,0,SI
CORDOBA,,El Manzano,1,0,0,0,1,0,0,0,0,SI
CORDOBA,Colón,Estación Colonia Tirolesa,0,0,0,0,0,0,0,0,0,NO
CORDOBA,,La Granja,1,0,0,1,1,0,0,1,0,SI
CORDOBA,Colón,La Morada,0,0,0,0,0,1,0,0,0,SI
CORDOBA,,Las Corzuelas,0,0,0,0,1,0,0,0,0,SI
CORDOBA,,Los Molles,0,0,0,0,0,0,0,0,1,SI
CORDOBA,Marcos Juárez,Camilo Aldao,0,0,0,0,0,1,1,0,1,SI
CORDOBA,Marcos Juárez,Colonia Veinticinco,0,0,0,0,0,0,0,0,0,NO
CORDOBA,,Cruz Alta,1,0,0,1,1,1,0,1,0,SI
CORDOBA,Juárez Celman,El Rastreador,0,0,0,0,0,0,0,0,0,NO
CORDOBA,,General Cabrera,1,0,0,0,1,1,0,0,0,SI
CORDOBA,Juárez Celman,Huanchillas,0,0,0,1,0,0,1,0,0,SI
CORDOBA,,Pacheco de Melo,0,0,0,0,0,0,0,0,0,NO
CORDOBA,Juárez Celman,Villa Reducción,0,0,0,0,0,1,1,1,0,SI
CORDOBA,,Río Segundo,1,0,0,1,1,1,0,1,0,SI
CORDOBA,Río Segundo,Villa del Rosario,0,1,0,1,0,1,1,1,0,SI
CORDOBA,,El Huayco,1,0,0,0,0,0,0,0,0,SI
CORDOBA,San Alberto,Las Rabonas,0,0,0,1,0,0,0,1,0,SI
CORDOBA,,Idiazabal,0,0,0,1,1,1,0,1,1,SI
CORDOBA,Unión,Justiniano Posse,0,0,0,1,0,0,1,1,0,SI
CORDOBA,Unión,Monte Maíz,0,1,0,1,0,1,1,0,0,SI
CORDOBA,Unión,Ordóñez,0,0,0,1,0,1,1,0,0,SI
CORDOBA,,Pueblo Italiano,0,1,0,0,1,0,0,0,0,SI
CORDOBA,Colón,Mi Granja,0,0,0,1,0,0,1,0,0,SI
CORDOBA,San Alberto,Panaholma,0,0,0,0,0,0,0,0,0,NO
CORDOBA,,San Pedro,0,0,0,1,1,0,0,1,0,SI
CORDOBA,,San Vicente,0,0,0,1,1,0,0,0,0,SI
CABA,COMUNA 07,FLORES,0,1,1,1,0,1,1,1,0,SI
CORDOBA,,Villa Los Patos,0,0,0,0,0,0,0,0,0,NO
ENTRE RIOS,,Gualeguay,1,1,0,0,1,1,0,1,0,SI
ENTRE RIOS,Gualeguay,Puerto Ruiz,0,0,0,0,0,0,1,0,0,SI
FORMOSA,Patiño,Subteniente Perín,0,0,0,0,0,0,0,1,0,SI
FORMOSA,,El Espinillo,0,0,0,0,1,1,0,1,1,SI
CABA,COMUNA 07,PARQUE CHACABUCO,0,1,1,1,0,0,1,0,1,SI
FORMOSA,,Portón Negro,0,0,0,0,0,0,0,0,0,NO
FORMOSA,Pilagás,Tres Lagunas,0,0,0,0,0,0,1,0,0,SI
ENTRE RIOS,,Pueblo General Belgrano,0,1,0,0,1,1,0,0,0,SI
ENTRE RIOS,Islas del Ibicuy,Arroyo Martínez,0,0,0,0,0,1,0,0,0,SI
ENTRE RIOS,Islas del Ibicuy,Médanos,0,0,0,0,0,0,0,0,0,NO
ENTRE RIOS,,Ñancay,0,0,0,0,0,0,0,0,0,NO
CORDOBA,,Santa Elena,0,0,0,0,0,0,0,0,0,NO
CORDOBA,,Villa Allende,1,1,0,1,1,1,0,1,0,SI
CORDOBA,Colón,Villa Corazon De Maria,0,0,0,0,0,0,0,0,0,NO
CORDOBA,,Alto de los Quebrachos,0,0,0,0,0,0,0,1,0,SI
CORDOBA,,Estación Lecueder,0,0,0,0,0,0,0,0,0,NO
CORDOBA,General Roca,Mattaldi,0,0,0,0,0,1,0,0,0,SI
CORDOBA,General Roca,Nicolás Bruzzone,0,0,0,0,0,0,1,0,0,SI
CORDOBA,,Ranqueles,0,0,0,0,0,0,0,0,0,NO
CORDOBA,General San Martín,Arroyo Algodón,0,0,0,1,0,1,0,1,0,SI
CORDOBA,,Villa Sarmiento,1,0,0,0,1,0,0,0,0,SI
CORDOBA,San Javier,El Pantanillo,0,0,0,0,0,0,0,0,0,NO
CORDOBA,,La Población,0,0,0,0,0,0,0,1,0,SI
CORDOBA,,Loma Bola,0,0,0,0,0,0,0,1,0,SI
CORDOBA,San Javier,Los Hornillos,0,0,0,0,0,1,1,1,0,SI
CORDOBA,,Chazón,0,1,0,0,1,1,0,0,0,SI
CORDOBA,General San Martín,Etruria,0,1,0,0,0,0,1,0,1,SI
CORDOBA,,La Palestina,0,0,0,0,1,0,0,1,0,SI
CORDOBA,,Luca,0,0,0,0,1,0,0,0,0,SI
CABA,COMUNA 11,VILLA DEL PARQUE,0,1,1,1,0,1,1,1,0,SI
CORDOBA,,San Javier y Yacanto,0,0,0,0,1,1,0,1,0,SI
CORDOBA,San Javier,Villa de las Rosas,0,0,0,0,0,1,0,0,0,SI
ENTRE RIOS,,General Almada,0,0,0,0,1,0,0,0,0,SI
ENTRE RIOS,Gualeguaychú,Irazusta,0,0,0,0,0,0,1,0,0,SI
BUENOS AIRES,,San Emilio,0,0,0,0,0,0,0,0,0,NO
BUENOS AIRES,,Emilio V. Bunge,0,0,0,0,1,1,0,0,0,SI
BUENOS AIRES,,Pichincha,0,0,0,0,0,0,0,0,1,SI
BUENOS AIRES,General Villegas,Piedritas,0,0,0,1,0,1,1,1,0,SI
BUENOS AIRES,,Fortín Tiburcio,0,0,0,0,0,0,0,0,0,NO
BUENOS AIRES,Junín,Paraje La Agraria,0,0,0,0,0,0,0,0,0,NO
CORRIENTES,Berón de Astrada,Yahapé,0,0,0,0,0,0,0,0,0,NO
CORRIENTES,Capital,Barrio Esperanza,0,0,0,0,0,0,0,0,0,NO
BUENOS AIRES,,Moron,1,1,0,1,1,1,0,1,0,SI
BUENOS AIRES,Navarro,Villa Moll (Est. Moll),0,0,0,1,0,0,1,0,0,SI
BUENOS AIRES,,Villa Alfredo Fortabat,1,0,0,0,1,1,0,0,0,SI
BUENOS AIRES,Patagones,Carmen de Patagones,0,0,1,1,0,1,1,0,1,SI
BUENOS AIRES,,José B. Casas,0,0,0,0,0,0,0,1,0,SI
BUENOS AIRES,,Villalonga,1,0,0,1,1,1,0,0,0,SI
CABA,,VILLA CRESPO,1,1,0,1,1,1,0,0,1,SI
CORDOBA,San Javier,Villa La Viña,0,0,0,0,0,0,0,1,0,SI
BUENOS AIRES,,Claromecó,1,0,0,0,0,0,0,1,0,SI
BUENOS AIRES,,Copetonas,0,0,0,1,1,1,0,1,0,SI
BUENOS AIRES,,Reta,0,0,0,0,1,1,0,1,0,SI
BUENOS AIRES,Tres Arroyos,Tres Arroyos,0,1,1,1,0,1,1,1,1,SI
BUENOS AIRES,,Pablo Podestá,1,1,0,1,1,1,0,1,0,SI
BUENOS AIRES,Tres De Febrero,Saenz Peña,0,1,0,1,0,0,1,1,1,SI
BUENOS AIRES,,Villa Bosch (Est. Juan Maria Bosch),1,1,0,1,1,1,0,0,0,SI
BUENOS AIRES,Quilmes,Ezpeleta Oeste,0,1,1,1,0,1,1,0,0,SI
BUENOS AIRES,,11 De Septiembre,1,1,0,1,1,1,0,0,1,SI
BUENOS AIRES,Tres De Febrero,Churruca,0,0,0,1,0,1,1,0,0,SI
BUENOS AIRES,Tres De Febrero,Ciudad Jardín Lomas del Palomar,0,1,0,1,0,1,1,0,0,SI
CORDOBA,,Pasco,0,0,0,1,1,0,0,0,0,SI
CORDOBA,,Villa Albertina,0,0,0,0,1,1,0,0,0,SI
CORDOBA,General San Martín,Villa Nueva,0,1,0,1,0,1,1,1,0,SI
CORDOBA,,Chuña,0,0,0,0,1,0,0,1,1,SI
CORDOBA,Ischilín,Copacabana,0,0,0,0,0,0,0,0,0,NO
CORDOBA,,Deán Funes,1,1,0,1,1,1,0,0,0,SI
CORDOBA,,Los Chañaritos,0,0,0,0,0,0,0,0,0,NO
CORDOBA,Ischilín,Quilino,0,0,0,1,0,0,1,0,0,SI
CORDOBA,Ischilín,San Pedro de Toyos,0,0,0,0,0,0,0,0,0,NO
BUENOS AIRES,Pilar,Del Viso,0,1,0,1,0,1,1,0,0,SI
BUENOS AIRES,,La Lonja,1,1,0,1,1,1,0,1,0,SI
BUENOS AIRES,Pilar,Los Cachorros,0,0,0,0,0,1,0,0,0,SI
BUENOS AIRES,Pilar,Maquinista F. Savio (oeste),0,0,0,0,0,1,0,1,0,SI
CORDOBA,Juárez Celman,Alejandro Roca (Est. Alejandro),0,0,0,0,0,1,1,1,0,SI
BUENOS AIRES,,Huanguelén,0,0,0,1,1,1,0,1,0,SI
BUENOS AIRES,Coronel Suárez,Santa Trinidad,0,1,0,1,0,1,1,0,0,SI
BUENOS AIRES,,Andant,0,0,0,0,0,0,0,0,0,NO
BUENOS AIRES,Daireaux,Daireaux,0,0,0,0,0,0,1,1,0,SI
BUENOS AIRES,,Salazar,0,0,0,0,1,1,0,1,0,SI
BUENOS AIRES,Carlos Casares,Carlos Casares,0,1,1,1,0,1,1,0,0,SI
BUENOS AIRES,,La Sofía,0,0,0,0,1,1,0,0,0,SI
BUENOS AIRES,Carlos Casares,Santo Tomás,0,0,0,0,0,0,0,0,0,NO
BUENOS AIRES,,Colonia Seré,0,0,0,0,0,0,0,1,0,SI
BUENOS AIRES,Carlos Tejedor,Timote,0,0,0,0,0,0,1,0,0,SI
SAN JUAN,,Villa El Salvador - Villa Sefair,0,0,0,0,0,0,0,1,0,SI
BUENOS AIRES,Chascomús,Laguna Vitel,0,0,0,0,0,1,0,1,0,SI
BUENOS AIRES,,Manuel J. Cobo (Est. Lezama),1,1,0,0,1,1,0,1,0,SI
BUENOS AIRES,Chivilcoy,Benitez,0,0,0,0,0,0,0,0,0,NO
BUENOS AIRES,,Moquehuá,0,1,0,1,1,0,0,1,0,SI
BUENOS AIRES,,Ramón Biaus,1,0,0,0,0,0,0,0,0,SI
BUENOS AIRES,Carmen de Areco,Carmen de Areco,0,1,1,0,0,1,1,1,0,SI
BUENOS AIRES,,Cerro de la Gloria,0,0,0,1,0,1,0,0,0,SI
BUENOS AIRES,Chacabuco,O'Higgins,0,0,0,1,0,1,1,0,0,SI
BUENOS AIRES,,Arroyo Venado,0,0,0,0,0,0,0,0,0,NO
BUENOS AIRES,Guaminí,Casbas,0,0,1,0,0,1,1,1,0,SI
BUENOS AIRES,Guaminí,Laguna Alsina (Est. Bonifacio),0,0,0,1,0,0,1,1,0,SI
BUENOS AIRES,Hurlingham,Hurlingham,0,1,1,1,0,1,1,0,0,SI
JUJUY,,La Intermedia,0,0,0,1,0,0,0,0,0,SI
BUENOS AIRES,Hurlingham,William C. Morris,0,1,0,1,0,1,0,1,0,SI
BUENOS AIRES,José C. Paz,José C Paz,0,1,1,1,0,1,1,1,0,SI
BUENOS AIRES,Necochea,Energía,0,0,0,0,0,0,0,0,0,NO
BUENOS AIRES,,Ramón Santamarina,0,0,0,0,1,1,0,0,0,SI
BUENOS AIRES,Olavarría,Blancagrande,0,0,0,0,0,0,0,0,0,NO
BUENOS AIRES,,Colonia Nievas,0,0,0,0,0,0,0,0,0,NO
BUENOS AIRES,Olavarría,Espigas,0,0,0,0,0,0,1,0,0,SI
BUENOS AIRES,,Santa Luisa,0,0,0,0,0,1,0,0,0,SI
BUENOS AIRES,Colón,El Arbolito,0,0,0,0,0,0,1,0,0,SI
BUENOS AIRES,,Sarasa,0,0,0,0,0,0,0,1,0,SI
BUENOS AIRES,,Villa Manuel Pomar,0,0,0,0,0,0,0,0,0,NO
BUENOS AIRES,Coronel de Marina L. Rosales,Punta Alta (Est Almirante Solier),0,1,1,1,0,1,1,0,1,SI
BUENOS AIRES,Coronel Dorrego,Coronel Dorrego,0,1,1,0,0,1,1,0,0,SI
BUENOS AIRES,,Faro,0,0,0,0,0,0,0,0,0,NO
BUENOS AIRES,Coronel Dorrego,Irene,0,0,0,0,0,1,0,0,0,SI
BUENOS AIRES,Coronel Dorrego,San Román,0,0,0,0,0,1,0,0,0,SI
BUENOS AIRES,Coronel Pringles,El Pensamiento,0,0,0,0,0,0,0,0,0,NO
BUENOS AIRES,,Coronel Suárez,1,1,0,1,1,1,0,1,0,SI
BUENOS AIRES,La Costa,Lucila Del Mar,0,1,0,1,0,1,0,1,0,SI
BUENOS AIRES,,Felipe Solá,0,0,0,0,1,0,0,0,0,SI
BUENOS AIRES,,López Lecube,0,0,0,0,0,0,0,0,0,NO
BUENOS AIRES,Pehuajó,Juan José Paso,0,0,0,1,0,1,1,1,0,SI
BUENOS AIRES,,Pehuajó,1,1,0,1,1,1,0,1,0,SI
BUENOS AIRES,Pellegrini,De Bary,0,0,0,0,0,0,0,0,0,NO
BUENOS AIRES,,Pellegrini,1,1,0,0,1,1,0,1,1,SI
BUENOS AIRES,Pergamino,Fontezuela,0,0,0,1,0,0,1,0,0,SI
BUENOS AIRES,,Ciudad Evita,1,1,0,1,1,1,0,1,0,SI
BUENOS AIRES,La Matanza,La Tablada,0,1,1,1,0,1,1,1,0,SI
BUENOS AIRES,,Juan Anchorena (Est. Urquiza),1,0,0,0,1,1,0,0,0,SI
BUENOS AIRES,Pergamino,Manuel Ocampo,0,0,0,1,0,1,1,1,0,SI
BUENOS AIRES,Pergamino,Mariano Benítez,0,0,0,0,0,0,1,0,0,SI
BUENOS AIRES,,Pinzón,0,0,0,0,0,0,0,1,0,SI
BUENOS AIRES,Pila,Casalins,0,0,0,0,0,1,0,1,0,SI
BUENOS AIRES,,Carapachay,1,1,0,1,1,1,0,0,0,SI
BUENOS AIRES,Vicente López,Munro,0,1,0,1,0,1,1,1,1,SI
BUENOS AIRES,,Vicente López,1,1,0,1,1,1,0,1,0,SI
BUENOS AIRES,Villa Gesell,Villa Gesell,0,0,0,1,0,1,1,0,0,SI
BUENOS AIRES,,Hilario Ascasubi,0,0,0,0,1,1,0,0,0,SI
BUENOS AIRES,Villarino,Teniente Origone,0,0,0,0,0,0,1,0,0,SI
BUENOS AIRES,Zárate,Escalada,0,0,0,0,0,0,0,0,0,NO
BUENOS AIRES,,Lima,1,0,0,1,1,1,0,0,1,SI
CORDOBA,Marcos Juárez,Inriville,0,0,0,0,0,1,1,0,0,SI
CORDOBA,,Villa de Pocho,0,0,0,0,1,0,0,0,0,SI
BUENOS AIRES,La Matanza,Rafael Castillo,0,1,1,1,0,0,1,1,0,SI
BUENOS AIRES,,San Justo,1,1,0,1,1,1,0,1,1,SI
BUENOS AIRES,La Matanza,Villa Eduardo Madero,0,1,1,1,0,1,1,1,0,SI
SAN LUIS,,Mesilla Del Cura,0,0,0,0,0,0,0,0,0,NO
BUENOS AIRES,,Dique Nº 1,0,0,0,0,1,1,0,0,0,SI
BUENOS AIRES,,Ensenada,1,1,0,1,1,1,0,1,0,SI
BUENOS AIRES,Ensenada,Villa Catela,0,0,0,0,0,1,0,1,0,SI
CATAMARCA,,Vilismán,0,0,0,0,1,0,0,0,0,SI
BUENOS AIRES,Esteban Echeverría,Luis Guillón,0,0,1,1,0,1,1,0,0,SI
BUENOS AIRES,Exaltación de la Cruz,Arroyo de la Cruz,0,0,0,0,0,1,0,0,0,SI
BUENOS AIRES,,Los Cardales,1,1,0,0,1,1,0,0,1,SI
BUENOS AIRES,La Matanza,Virrey Del Pino,0,1,0,1,0,0,1,1,0,SI
BUENOS AIRES,La Plata,Angel Etcheverry,0,1,0,0,0,1,0,0,0,SI
BUENOS AIRES,,Barrio El Carmen Oeste,0,0,0,0,0,0,0,1,0,SI
BUENOS AIRES,,Barrio El Peligro,1,0,0,0,1,1,0,0,0,SI
BUENOS AIRES,,City Bell,0,1,0,1,1,1,0,1,0,SI
BUENOS AIRES,La Plata,El Retiro,0,0,0,1,0,1,0,0,0,SI
BUENOS AIRES,,Esquina Negra,0,0,0,0,1,1,0,0,0,SI
BUENOS AIRES,,Jose Hernandez,0,1,0,1,1,1,0,0,0,SI
BUENOS AIRES,,La Plata,1,1,0,1,1,1,0,1,0,SI
BUENOS AIRES,La Plata,Manuel B Gonnet,0,1,0,1,0,1,1,0,0,SI
BUENOS AIRES,,ruta del sol,1,0,0,0,1,1,0,0,0,SI
BUENOS AIRES,La Plata,Villa Montoro,0,0,0,0,0,1,0,1,0,SI
BUENOS AIRES,Pilar,Pilar,0,1,1,1,0,0,1,1,1,SI
BUENOS AIRES,,Santa Teresa,0,0,0,0,1,1,0,0,1,SI
BUENOS AIRES,Pilar,Zelaya,0,1,0,0,0,1,1,0,0,SI
BUENOS AIRES,,Carilo,0,1,0,0,1,1,0,0,0,SI
BUENOS AIRES,Presidente Perón,Barrio America Unida,0,0,0,0,0,1,0,0,0,SI
BUENOS AIRES,,17 de Agosto,0,0,0,0,0,0,0,0,0,NO
BUENOS AIRES,,San Germán,0,0,0,0,0,0,0,0,0,NO
BUENOS AIRES,Punta Indio,Las Tahonas,0,0,0,0,0,0,0,0,0,NO
BUENOS AIRES,,Punta Indio,0,0,0,0,0,0,0,1,0,SI
BUENOS AIRES,Quilmes,Bernal Oeste,0,1,1,1,0,1,1,0,0,SI
BUENOS AIRES,9 de Julio,Carlos María Naón,0,0,0,0,0,1,1,0,0,SI
BUENOS AIRES,,Dudignac,0,0,0,0,1,1,0,1,0,SI
BUENOS AIRES,9 de Julio,Villa General Fournier (Est. 9 de Julio Sud),0,0,0,1,0,1,1,1,0,SI
BUENOS AIRES,Adolfo Alsina,Carhué,0,0,1,1,0,0,1,1,0,SI
BUENOS AIRES,,Espartillar,0,0,0,0,1,0,0,0,0,SI
BUENOS AIRES,Adolfo Alsina,Maza,0,0,0,1,0,1,1,0,1,SI
BUENOS AIRES,,Matheu,1,1,0,1,1,1,0,1,1,SI
CATAMARCA,,El Hueco,0,0,0,1,0,1,0,0,0,SI
BUENOS AIRES,Adolfo Alsina,Thames,0,0,0,0,0,0,0,0,0,NO
BUENOS AIRES,,Villa Margarita,0,0,0,0,0,0,0,0,0,NO
BUENOS AIRES,,De la Garma,0,0,0,1,1,1,0,1,0,SI
BUENOS AIRES,,Alberti (Est. Andrés Vaccarezza),1,0,0,1,1,1,0,1,0,SI
BUENOS AIRES,,Mechita,1,0,0,0,1,1,0,0,0,SI
BUENOS AIRES,Alberti,Villa María,0,0,0,0,0,0,0,0,0,NO
BUENOS AIRES,,Adrogué,1,1,0,1,1,1,0,1,0,SI
BUENOS AIRES,Almirante Brown,Jose Mármol,0,1,1,1,0,1,1,1,0,SI
BUENOS AIRES,,Ministro Rivadavia,1,1,0,1,1,1,0,0,0,SI
BUENOS AIRES,Almirante Brown,San Francisco Solano,0,1,1,1,0,0,1,1,0,SI
MISIONES,Cainguás,1º de Mayo,0,0,0,0,0,0,0,0,0,NO
BUENOS AIRES,,Canning,1,1,0,1,1,1,0,1,0,SI
BUENOS AIRES,Ezeiza,Carlos Spegazzini,0,1,1,1,0,1,1,1,0,SI
BUENOS AIRES,,La Unión,1,1,0,1,1,1,0,0,1,SI
MISIONES,Eldorado,Pueblo Nuevo,0,0,0,0,0,0,0,0,0,NO
BUENOS AIRES,,Estanislao Severo Zeballos,1,1,0,1,1,1,0,0,0,SI
BUENOS AIRES,,Villa Parque Sicardi,0,0,0,0,1,1,0,1,0,SI
BUENOS AIRES,,Lanús Este,1,1,0,1,1,1,0,0,1,SI
BUENOS AIRES,Lanús,Lanús Oeste,0,0,1,1,0,1,1,1,0,SI
BUENOS AIRES,Lanús,Valentín Alsina,0,1,1,1,0,1,1,0,0,SI
BUENOS AIRES,Laprida,Pueblo San Jorge,0,0,0,0,0,0,1,0,0,SI
BUENOS AIRES,,El Trigo,0,0,0,1,0,0,0,1,0,SI
BUENOS AIRES,Leandro N. Alem,Alberdi Viejo,0,0,0,0,0,0,0,1,0,SI
BUENOS AIRES,Leandro N. Alem,El Dorado,0,0,0,0,0,0,1,1,1,SI
CATAMARCA,Fray Mamerto Esquiú,Pomancillo Este,0,0,0,0,0,0,1,0,0,SI
BUENOS AIRES,Quilmes,Villa La Florida,0,1,1,1,0,0,1,0,0,SI
BUENOS AIRES,,Pérez Millán,0,0,0,1,1,1,0,0,0,SI
BUENOS AIRES,Rauch,Rauch,0,0,1,1,0,1,1,1,0,SI
BUENOS AIRES,Rivadavia,Mira Pampa,0,0,0,0,0,0,0,0,0,NO
BUENOS AIRES,,Roosevelt,0,0,0,0,0,0,0,0,0,NO
BUENOS AIRES,Rojas,Barrio Las Margaritas,0,0,0,0,0,0,0,0,0,NO
BUENOS AIRES,,Las Carabelas,0,0,0,1,1,0,0,1,0,SI
BUENOS AIRES,,Roberto Cano,0,0,0,0,0,0,0,0,0,NO
BUENOS AIRES,Rojas,Villa Parque Cecir,0,0,0,0,0,0,0,0,0,NO
BUENOS AIRES,,Carlos Beguerie,0,0,0,0,0,0,0,1,0,SI
CATAMARCA,Fray Mamerto Esquiú,San Antonio,0,0,0,1,0,1,0,0,0,SI
BUENOS AIRES,,Todd,0,0,0,1,1,1,0,0,0,SI
BUENOS AIRES,Avellaneda,Crucesita,0,1,0,1,0,1,1,0,0,SI
BUENOS AIRES,,Villa Brown,0,1,0,0,1,1,0,0,0,SI
BUENOS AIRES,Florencio Varela,Villa Santa Rosa,0,1,1,1,0,1,1,0,0,SI
BUENOS AIRES,,Florentino Ameghino,1,0,0,1,1,1,0,0,0,SI
BUENOS AIRES,General Alvarado,Mar del Sur,0,0,1,0,0,1,1,1,0,SI
BUENOS AIRES,,Bermúdez,0,0,0,0,0,0,0,0,0,NO
BUENOS AIRES,,Carlos Salas,0,0,0,0,0,0,0,1,0,SI
BUENOS AIRES,Lincoln,Las Toscas,0,0,0,0,0,0,1,0,0,SI
BUENOS AIRES,,Roberts,0,0,0,1,1,1,0,0,0,SI
BUENOS AIRES,Lobería,Lobería,0,0,1,1,0,1,1,0,0,SI
BUENOS AIRES,Saavedra,Dufaur,0,0,0,0,0,0,1,0,0,SI
BUENOS AIRES,,Goyena,0,0,0,1,0,0,0,0,0,SI
BUENOS AIRES,Saavedra,Las Encadenadas,0,0,0,0,0,0,0,0,0,NO
BUENOS AIRES,Saladillo,Alvarez de Toledo,0,0,0,1,0,1,1,0,1,SI
BUENOS AIRES,Saladillo,Del Carril,0,0,0,0,0,0,1,1,0,SI
MISIONES,Eldorado,Puerto Mado,0,0,0,0,0,0,0,0,0,NO
CATAMARCA,,La Puntilla,0,0,0,0,0,0,0,0,0,NO
CATAMARCA,Tinogasta,Medanitos,0,0,0,0,0,0,0,0,0,NO
CATAMARCA,,Pampa Blanca,0,0,0,0,0,0,0,0,0,NO
CATAMARCA,Tinogasta,Saujil,0,0,0,0,0,0,0,0,0,NO
CORDOBA,,Casa Grande,0,0,0,0,0,0,0,1,0,SI
CORDOBA,,Cuesta Blanca,0,0,0,0,0,0,0,1,0,SI
CABA,,COGHLAN,1,1,0,1,1,1,0,0,1,SI
CORDOBA,Santa María,Despeñaderos,0,0,0,1,0,1,1,1,0,SI
CORDOBA,Santa María,Falda del Cañete,0,0,0,0,0,1,0,0,0,SI
CORDOBA,Santa María,La Boca del Río,0,0,0,0,0,0,1,0,0,SI
CORDOBA,,La Cumbrecita,0,0,0,0,0,0,0,1,0,SI
CATAMARCA,Ambato,Colpes,0,0,0,0,0,0,0,0,0,NO
CATAMARCA,Ambato,Las Chacritas,0,0,0,0,0,0,0,0,0,NO
CORRIENTES,,Saladas,1,0,0,0,1,1,0,0,0,SI
CORRIENTES,,San Lorenzo,0,0,0,1,1,1,0,0,1,SI
CORRIENTES,San Cosme,San Cosme,0,0,0,0,0,1,1,1,1,SI
CORRIENTES,,La Cruz,1,0,0,0,1,1,0,0,1,SI
CORDOBA,Santa María,Toledo,0,0,0,1,0,1,1,0,0,SI
CORDOBA,,Villa del Prado,0,0,0,0,0,0,0,0,0,NO
CORDOBA,Santa María,Villa San Isidro - José de la Quintana,0,0,0,0,0,0,1,0,0,SI
CORDOBA,,Caminiaga,0,0,0,0,0,0,0,0,0,NO
CORDOBA,Sobremonte,Chuña Huasi,0,0,0,0,0,0,0,0,0,NO
CORDOBA,,San Francisco del Chañar,0,0,0,1,1,1,0,0,1,SI
CORDOBA,Tercero Arriba,Dalmacio Vélez,0,0,0,1,0,1,1,0,0,SI
CORDOBA,,General Fotheringham,1,0,0,0,1,1,0,1,0,SI
CORDOBA,Tercero Arriba,James Craik,0,1,0,1,0,1,1,1,0,SI
CORDOBA,Tercero Arriba,Los Zorros,0,0,0,0,0,1,1,0,0,SI
CORDOBA,,La Cumbre,1,0,0,0,1,1,0,1,0,SI
CORDOBA,Punilla,Mallín,0,0,0,0,0,0,0,0,0,NO
CORDOBA,,Quebrada de Luna,0,0,0,0,0,0,0,0,0,NO
CORDOBA,Punilla,San Esteban,0,0,0,0,0,0,1,1,0,SI
CORDOBA,,Santa María de Punilla,1,0,0,1,1,1,0,0,0,SI
CORDOBA,Río Cuarto,Las Higueras,0,1,0,1,0,1,1,0,0,SI
CORDOBA,Río Cuarto,Paso del Durazno,0,0,0,0,0,0,0,0,0,NO
CORDOBA,Río Cuarto,San Basilio,0,0,0,1,0,0,1,0,1,SI
CORDOBA,,Santa Catalina (Est. Holmberg),1,0,0,0,1,1,0,0,0,SI
CORDOBA,Tercero Arriba,Villa Ascasubi,0,0,0,0,0,1,1,0,0,SI
CORDOBA,,La Pampa,0,0,0,0,0,0,0,0,0,NO
CORDOBA,Totoral,Los Mistoles,0,0,0,0,0,0,0,0,0,NO
CORDOBA,,La Rancherita,0,0,0,0,0,0,0,0,0,NO
CORDOBA,,Mi Valle,0,0,0,0,0,0,0,0,0,NO
CORDOBA,Santa María,Monte Ralo,0,0,0,0,0,1,0,1,0,SI
CORDOBA,,San Nicolás,1,0,0,0,1,1,0,0,0,SI
CORDOBA,Santa María,Socavones,0,0,0,0,0,0,0,0,0,NO
CORDOBA,,Tierra Alta,0,0,0,0,0,0,0,0,0,NO
ENTRE RIOS,Colón,San José,0,0,0,0,0,1,1,1,0,SI
ENTRE RIOS,,Calabacilla,0,0,0,0,1,1,0,1,0,SI
ENTRE RIOS,Concordia,Colonia Ayuí,0,0,0,0,0,0,1,1,0,SI
ENTRE RIOS,,Colonia Yeruá,0,0,0,0,0,0,0,0,0,NO
ENTRE RIOS,Concordia,Estación Yeruá,0,0,0,0,0,0,1,0,0,SI
ENTRE RIOS,,Las Tejas,0,0,0,0,1,1,0,0,0,SI
ENTRE RIOS,Concordia,Pedernal,0,0,0,0,0,0,0,1,0,SI
ENTRE RIOS,,Puerto Yeruá,0,0,0,0,1,0,0,1,0,SI
ENTRE RIOS,,Aldea Brasilera,0,0,0,0,1,1,0,0,0,SI
ENTRE RIOS,,Aldea Salto,0,0,0,0,0,0,0,0,0,NO
ENTRE RIOS,Diamante,Aldea Spatzenkutter,0,0,0,0,0,0,1,1,0,SI
CORRIENTES,,Pedro R. Fernández (Est. Manuel F. Mantilla),0,0,0,0,1,0,0,0,0,SI
CORRIENTES,,Santo Tomé,1,0,0,0,1,1,0,1,1,SI
ENTRE RIOS,Colón,Colonia Hugues,0,0,0,0,0,0,0,1,0,SI
ENTRE RIOS,Colón,El Brillante,0,0,0,0,0,0,0,0,0,NO
ENTRE RIOS,,Sauce Pinto,0,0,0,0,0,0,0,0,0,NO
ENTRE RIOS,Paraná,Viale,0,1,0,1,0,1,1,0,0,SI
ENTRE RIOS,Paraná,Villa Urquiza,0,0,0,0,0,1,1,0,0,SI
ENTRE RIOS,,General Campos,1,0,0,0,1,0,0,1,1,SI
CHUBUT,,Aldea Apeleg,0,0,0,0,0,0,0,1,0,SI
CHUBUT,Río Senguer,Facundo,0,0,0,0,0,0,1,1,1,SI
CHUBUT,,Río Mayo,0,0,0,1,1,0,0,0,1,SI
ENTRE RIOS,Tala,Estación Arroyo Clé,0,0,0,0,0,0,0,0,0,NO
ENTRE RIOS,,Gobernador Echagüe,0,0,0,0,0,0,0,0,0,NO
ENTRE RIOS,Tala,Las Guachas,0,0,0,0,0,0,0,0,0,NO
ENTRE RIOS,Uruguay,Concepción del Uruguay,0,1,1,1,0,1,1,1,0,SI
CHUBUT,,Frontera de Río Pico,0,0,0,0,0,0,0,0,0,NO
CHUBUT,Tehuelches,José de San Martín,0,0,0,0,0,0,1,0,1,SI
CHUBUT,,Gan Gan,0,0,0,0,1,0,0,1,0,SI
CHUBUT,Telsen,Telsen,0,1,0,0,0,1,1,1,1,SI
CORDOBA,,Capilla Vieja,0,0,0,0,1,1,0,0,0,SI
CORDOBA,Calamuchita,El Durazno,0,0,0,0,0,0,0,0,0,NO
ENTRE RIOS,Uruguay,Las Moscas,0,0,0,1,0,0,1,0,0,SI
ENTRE RIOS,,Santa Anita,0,0,0,1,1,0,0,1,0,SI
ENTRE RIOS,,Villa San Marcial (Est. Gobernador Urquiza),0,0,0,0,1,1,0,1,0,SI
ENTRE RIOS,Victoria,Charigüé,0,0,0,0,0,0,0,0,0,NO
ENTRE RIOS,,Victoria,1,1,0,1,1,1,0,1,0,SI
CATAMARCA,Ambato,Los Varela,0,0,0,0,0,0,0,0,1,SI
CATAMARCA,,Ancasti,0,0,0,0,1,0,0,0,0,SI
CATAMARCA,Ancasti,La Majada,0,0,0,0,0,0,0,0,0,NO
CATAMARCA,Andalgalá,Amanao,0,0,0,0,0,0,0,0,0,NO
CATAMARCA,,Andalgalá,1,0,0,1,1,1,0,1,1,SI
CATAMARCA,Andalgalá,La Aguada,0,0,0,1,0,0,0,1,0,SI
CATAMARCA,Andalgalá,La Mesada,0,0,0,1,0,0,0,0,0,SI
CATAMARCA,,El Peñón,0,0,0,0,0,0,0,0,0,NO
CATAMARCA,Belén,Belén,0,0,0,0,0,1,1,0,1,SI
CATAMARCA,,El Durazno,0,0,0,0,0,0,0,0,1,SI
CATAMARCA,,Farallón Negro,0,0,0,0,1,0,0,0,0,SI
CATAMARCA,,Londres,0,0,0,0,1,0,0,1,1,SI
CATAMARCA,Belén,Puerta de Corral Quemado,0,0,0,0,0,0,0,0,0,NO
CATAMARCA,,Puerta de San José,0,0,0,0,0,0,0,0,1,SI
CATAMARCA,,Balde de la Punta,0,0,0,0,0,0,0,0,0,NO
CATAMARCA,,Colonia del Valle,0,0,0,0,0,0,0,0,0,NO
CATAMARCA,,Concepción,0,0,0,0,0,0,0,0,0,NO
CATAMARCA,Capayán,Los Angeles,0,0,0,0,0,0,0,0,0,NO
CATAMARCA,Capayán,San Pablo,0,0,0,0,0,0,0,0,0,NO
CATAMARCA,,Barrio Bancario,0,0,0,0,1,1,0,0,0,SI
CATAMARCA,El Alto,Guayamba,0,0,0,0,0,0,0,0,0,NO
CATAMARCA,,Infanzón,0,0,0,0,0,0,0,0,0,NO
CATAMARCA,El Alto,Tapso,0,0,0,0,0,0,0,0,0,NO
CATAMARCA,,El Aybal,0,0,0,0,0,0,0,0,0,NO
CATAMARCA,,El Quimilo,0,0,0,0,0,0,0,0,0,NO
CATAMARCA,La Paz,Esquiú,0,0,0,0,0,1,0,0,0,SI
CATAMARCA,,Ramblones,0,0,0,0,0,0,0,0,0,NO
CATAMARCA,Paclín,El Rosario,0,0,0,0,0,0,0,0,0,NO
CATAMARCA,,La Merced,1,0,0,0,1,0,0,1,1,SI
ENTRE RIOS,Villaguay,Paso de la Laguna,0,0,0,0,0,0,0,1,0,SI
ENTRE RIOS,Villaguay,Villa Clara,0,0,0,1,0,1,1,0,1,SI
FORMOSA,Bermejo,La Rinconada,0,0,0,0,0,0,0,0,0,NO
FORMOSA,,Lamadrid,0,0,0,0,0,0,0,1,0,SI
FORMOSA,Bermejo,Vaca Perdida,0,0,0,0,0,0,0,1,0,SI
CATAMARCA,Valle Viejo,El Bañado,0,0,0,0,0,0,0,0,0,NO
CATAMARCA,,Pozo Del Mistol,0,0,0,1,0,0,0,0,0,SI
CATAMARCA,Valle Viejo,Sumalao,0,0,0,1,0,0,0,1,0,SI
CHACO,,Gancedo,0,0,0,1,1,0,0,1,1,SI
CHACO,12 de Octubre,General Pinedo,0,0,0,1,0,0,1,1,1,SI
CHACO,,Mesón de Fierro,0,0,0,0,1,0,0,0,0,SI
LA PAMPA,Catriló,Catriló,0,1,1,1,0,1,1,0,1,SI
LA PAMPA,,Bernardo Larroude,0,0,0,1,0,0,0,1,1,SI
MISIONES,Eldorado,Valle Hermoso,0,0,0,0,0,0,0,0,0,NO
MISIONES,,Villa Roulet,0,0,0,0,0,0,0,0,0,NO
LA PAMPA,Chapaleufú,Sarah,0,0,0,0,0,0,0,0,1,SI
LA PAMPA,,Algarrobo del Águila,0,0,0,0,0,0,0,0,0,NO
LA PAMPA,Conhelo,Mauricio Mayer,0,0,0,0,0,0,1,1,1,SI
LA PAMPA,,Winifreda,0,1,0,1,1,1,0,0,0,SI
LA PAMPA,Curacó,Puelches,0,0,0,0,0,0,1,1,1,SI
CATAMARCA,Paclín,Palo Labrado,0,0,0,0,0,0,0,0,0,NO
CATAMARCA,,San Antonio,0,0,0,0,0,0,0,1,1,SI
CATAMARCA,,Colana,0,0,0,0,0,0,0,0,0,NO
CATAMARCA,,Joyango,0,0,0,0,0,0,0,0,0,NO
CATAMARCA,Pomán,Pomán,0,0,0,0,0,1,1,0,0,SI
CATAMARCA,,Siján,0,0,0,0,0,0,0,0,0,NO
CATAMARCA,,El Cerrito,0,0,0,0,1,1,0,0,0,SI
CATAMARCA,Santa María,Famatanca,0,0,0,0,0,0,0,0,0,NO
CATAMARCA,Santa María,La Loma,0,0,0,0,0,0,0,0,1,SI
CATAMARCA,,La Puntilla,0,0,0,0,0,0,0,0,0,NO
CORDOBA,Río Primero,Atahona,0,0,0,0,0,0,1,0,0,SI
CORDOBA,,Colonia Las Cuatro Esquinas,0,0,0,0,0,0,0,0,0,NO
CORDOBA,Río Primero,El Crispín,0,0,0,0,0,0,0,0,0,NO
CORDOBA,,La Para,0,1,0,1,1,1,0,0,1,SI
CORDOBA,,La Posta,0,0,0,0,0,0,0,0,0,NO
BUENOS AIRES,,Estación Arenales,0,0,0,0,0,0,0,0,0,NO
BUENOS AIRES,General Arenales,General Arenales,0,1,1,1,0,1,1,0,0,SI
CATAMARCA,,Las Mojarras,0,0,0,0,0,0,0,0,0,NO
CATAMARCA,,Palo Seco,0,0,0,0,0,0,0,0,0,NO
CATAMARCA,,San José,0,0,0,0,0,0,0,0,0,NO
CATAMARCA,Santa María,Santa María,0,0,0,0,0,0,0,0,1,SI
CATAMARCA,,Las Cañas,0,0,0,0,0,0,0,0,0,NO
CATAMARCA,Santa Rosa,Los Altos,0,0,0,0,0,1,1,1,1,SI
CATAMARCA,,San Pedro,0,0,0,0,1,0,0,0,0,SI
CATAMARCA,Tinogasta,Anillaco,0,0,0,0,0,0,0,0,0,NO
CATAMARCA,,Copacabana,0,0,0,0,1,0,0,0,0,SI
CATAMARCA,Tinogasta,El Salado,0,0,0,0,0,0,0,0,0,NO
BUENOS AIRES,,Elvira,0,0,0,0,0,0,0,1,0,SI
BUENOS AIRES,,Salvador María,1,0,0,1,1,0,0,1,0,SI
BUENOS AIRES,Lomas De Zamora,Llavallol,0,1,1,1,0,1,1,0,0,SI
BUENOS AIRES,,Villa Centenario,0,1,0,1,1,1,0,1,0,SI
BUENOS AIRES,Luján,Carlos Keen,0,0,0,0,0,0,1,1,0,SI
LA RIOJA,,Olta,0,1,0,1,1,1,0,0,1,SI
LA RIOJA,,Nácate,0,0,0,0,0,0,0,1,0,SI
LA RIOJA,General Juan F. Quiroga,Portezuelo,0,0,0,1,0,0,1,1,0,SI
LA RIOJA,General Ocampo,Ambil,0,0,0,0,0,0,0,1,0,SI
LA RIOJA,General Ocampo,Olpas,0,0,0,0,0,0,0,0,0,NO
LA RIOJA,,Ulapes,0,1,0,1,1,0,0,0,0,SI
LA RIOJA,Rosario Vera Peñaloza,Desiderio Tello,0,0,0,0,0,0,1,0,0,SI
BUENOS AIRES,Salto,Berdier,0,0,0,0,0,0,0,0,0,NO
BUENOS AIRES,,Salto,1,1,0,1,1,1,0,0,0,SI
CHUBUT,Biedma,Reserva Area Protegida El Doradillo,0,0,0,0,0,0,0,0,0,NO
LA RIOJA,,ALPASINCHE,0,0,0,1,1,0,0,1,0,SI
LA RIOJA,San Blas de los Sauces,Andolucas,0,0,0,0,0,0,0,0,0,NO
LA RIOJA,,Chaupihuasi,0,0,0,0,0,0,0,0,0,NO
LA RIOJA,San Blas de los Sauces,Salicas,0,0,0,0,0,0,0,0,0,NO
LA RIOJA,,Tuyubil,0,0,0,0,0,0,0,0,0,NO
LA RIOJA,Vinchina,Villa San José de Vinchina,0,0,0,1,0,0,1,1,0,SI
CHACO,1º de Mayo,Colonia Benítez,0,0,0,1,0,1,1,1,0,SI
CHACO,,Hermoso Campo,0,1,0,1,1,1,0,0,1,SI
CHACO,25 de Mayo,Napalpí,0,0,0,0,0,0,0,0,0,NO
CHACO,,Los Frentones,0,0,0,1,1,0,0,0,1,SI
CHACO,Almirante Brown,Río Muerto,0,0,0,0,0,0,0,0,0,NO
CHACO,,Isla del Cerrito,0,0,0,0,1,0,0,0,1,SI
CHACO,,Puerto Bermejo Nuevo,0,0,0,1,0,0,0,1,0,SI
CHACO,Bermejo,Puerto Bermejo Viejo,0,0,0,0,0,0,0,0,0,NO
CHACO,,Venados Grandes,0,0,0,0,0,0,0,0,0,NO
CABA,,VELEZ SARSFIELD,1,1,0,0,1,1,0,1,1,SI
CORDOBA,Punilla,Villa Flor Serrana,0,0,0,0,0,0,0,0,0,NO
CORDOBA,,Villa Parque Siquimán,0,0,0,0,1,1,0,1,0,SI
CHUBUT,Cushamen,Costa del Chubut,0,0,0,0,0,0,0,0,0,NO
CHUBUT,Cushamen,Cushamen Centro,0,0,0,0,0,0,1,0,0,SI
CHACO,General Belgrano,Corzuela,0,0,0,1,0,1,1,1,0,SI
CHACO,,La Verde,1,0,0,1,1,1,0,0,1,SI
CHACO,General Donovan,Lapachito,0,0,0,1,0,1,1,0,0,SI
CHACO,General Güemes,El Sauzal,0,0,0,0,0,0,0,0,1,SI
CHACO,General Güemes,Fuerte Esperanza,0,0,0,1,0,0,0,0,1,SI
CHACO,General Güemes,Miraflores,0,0,0,0,0,0,0,1,0,SI
CABA,,SAAVEDRA,1,1,0,1,1,1,0,1,0,SI
CHACO,,Campo Largo,1,0,0,1,1,1,0,0,0,SI
CHACO,Independencia,Napenay,0,0,0,0,0,0,1,0,0,SI
CHUBUT,,Leleque,0,0,0,0,0,0,0,0,1,SI
CHUBUT,Escalante,Acceso Norte,0,0,0,0,0,1,0,0,0,SI
CHUBUT,,Bahía Bustamante,0,0,0,0,0,0,0,0,0,NO
CHUBUT,,Barrio Caleta Olivares,0,0,0,0,0,0,0,0,0,NO
BUENOS AIRES,Avellaneda,Pineyro,0,0,0,1,0,1,1,0,0,SI
BUENOS AIRES,Avellaneda,Wilde,0,1,1,1,0,1,1,1,0,SI
BUENOS AIRES,Ayacucho,Solanet,0,0,0,0,0,0,0,1,0,SI
BUENOS AIRES,,16 de Julio,0,0,0,0,1,1,0,0,0,SI
BUENOS AIRES,25 de Mayo,Agustín Mosconi,0,0,0,0,0,0,1,0,0,SI
BUENOS AIRES,25 de Mayo,Del Valle,0,0,0,0,0,1,0,0,1,SI
BUENOS AIRES,25 de Mayo,Pedernales,0,0,0,0,0,0,0,1,0,SI
BUENOS AIRES,,9 de Julio,1,1,0,1,1,1,0,0,1,SI
BUENOS AIRES,,Alfredo Demarchi (Est. Facundo Quiroga),1,0,0,0,1,1,0,0,0,SI
CHACO,Libertad,Estación General Obligado,0,0,0,0,0,0,0,0,0,NO
CHACO,,La Eduvigis,0,0,0,0,1,0,0,0,0,SI
BUENOS AIRES,,Chillar,0,0,0,0,1,1,0,0,1,SI
BUENOS AIRES,Bahía Blanca,Bahía Blanca,0,1,1,1,0,1,1,1,1,SI
BUENOS AIRES,,Ingeniero White,0,0,0,1,1,1,0,0,1,SI
BUENOS AIRES,General Guido,Labarden,0,0,0,0,0,1,1,1,0,SI
BUENOS AIRES,,General La Madrid,1,0,0,1,1,1,0,1,0,SI
BUENOS AIRES,General La Madrid,Las Martinetas,0,0,0,0,0,0,1,1,0,SI
BUENOS AIRES,,Pontaut,0,0,0,0,0,1,0,0,0,SI
BUENOS AIRES,Luján,Cortines,0,0,0,1,0,1,1,1,0,SI
BUENOS AIRES,Luján,Lezica y Torrezuri,0,0,0,0,0,1,0,1,0,SI
BUENOS AIRES,Luján,Open Door (Est. Dr. Domingo Cabred),0,0,1,0,0,0,1,1,0,SI
BUENOS AIRES,,Torres,1,0,0,0,1,1,0,1,0,SI
BUENOS AIRES,San Andrés de Giles,Solís,0,0,0,1,0,0,1,0,1,SI
BUENOS AIRES,,Ochandío,0,0,0,0,0,0,0,1,0,SI
CHACO,Libertador General San Martín,Pampa Almirón,0,0,0,1,0,1,0,1,0,SI
CHACO,,Presidencia Roca,0,0,0,1,1,1,0,0,1,SI
CABA,COMUNA 09,PARQUE AVELLANEDA,0,1,1,1,0,1,1,0,1,SI
CORDOBA,Punilla,Villa Santa Cruz del Lago,0,0,0,0,0,0,1,1,0,SI
CORDOBA,,Achiras,0,0,0,1,1,1,0,1,0,SI
CHUBUT,Escalante,Barrio Manantial Rosales,0,0,0,0,0,0,0,0,0,NO
CHUBUT,Escalante,Barrio Militar - Aeropuerto Militar,0,0,0,0,0,0,0,0,0,NO
CHUBUT,,Barrio Rodriguez Peña,0,0,0,0,0,0,0,0,0,NO
CHUBUT,Escalante,Barrio Villa S.U.P.E.,0,0,0,0,0,1,0,0,0,SI
CHACO,,La Clotilde,0,0,0,0,1,0,0,0,0,SI
CHACO,Presidencia de la Plaza,Presidencia de la Plaza,0,1,0,1,0,0,1,0,0,SI
CHACO,,Villa El Palmar,0,0,0,0,1,0,0,1,0,SI
CHACO,San Fernando,Basail,0,1,0,0,0,1,1,1,1,SI
